Index,Year,Geo_Desc,White (Estimated),Black or African American (Estimated),American Indian and Alaska Native (Estimated),Asian (Estimated),Native Hawaiian and Other Pacific Islander (Estimated),Hispanic (Estimated),US Census Population Estimate,Total Employment (Number of Jobs),Personal Income,Personal Consumption Expenditures,Total Educational Attainment Estimate,Tot_Opioid_Clms,Tot_Clms,Opioid_Prscrbng_Rate,LA_Tot_Opioid_Clms,LA_Opioid_Prscrbng_Rate,total_opioid_prescriptions,tot_presc_opioid_od,,,,,,,,
1,2021,United States,260181512,49651849,7181213,24105588,1727807,62625172,332031554,202752100,21288709,15902575.3,30225003,21654225,686625295,3.15,4672903,21.58,"139,617,469",106250,,,,,,,,
2,2021,Alabama,"3,565,789","1,403,579","72,017","101,006","10,104","241,057",5049846,2769464,250828.8,199866.7,468727,175237,7525456,2.33,7767,4.43,"3,954,116",1615.95072,,,,,,,,
3,2021,Alaska,"523,959","41,135","151,231","66,426","17,503","55,584",734182,443047,48219.2,39807.1,67493,58330,1436383,4.06,7076,12.13,"260,489",234.93824,,,,,,,,
4,2021,Arizona,"6,172,001","488,081","451,425","362,833","38,559","2,340,827",7264877,4086802,403739.3,326526.6,681735,512306,14333371,3.57,32317,6.31,"2,999,646",2324.76064,,,,,,,,
5,2021,Arkansas,"2,446,635","506,285","64,715","69,227","16,842","251,422",3028122,1686444,153185.8,118144.1,284335,159449,4769182,3.34,4985,3.13,"2,359,319",968.99904,,,,,,,,
6,2021,California,"29,281,773","3,051,484","1,113,837","7,133,858","370,599","15,678,784",39142991,23934549,3006183.9,2082806.8,3558188,2326559,82341664,2.83,136506,5.87,"10,897,692",12525.75712,,,,,,,,
7,2021,Colorado,"5,202,557","347,257","165,127","284,251","25,172","1,293,428",5811297,3988907,410948.2,310212,525940,388714,8042561,4.83,39276,10.1,"2,188,012",1859.61504,,,,,,,,
8,2021,Connecticut,"2,940,581","518,019","48,689","212,536","9,113","641,425",3623355,2289551,300323.5,201202.1,343982,253042,8966934,2.82,22741,8.99,"1,260,905",1159.4736,,,,,,,,
9,2021,Delaware,"713,204","256,660","14,528","50,466","2,324","101,616",1004807,620352,60133.6,51285.8,83763,76433,2775047,2.75,11332,14.83,"443,667",321.53824,,,,,,,,
10,2021,District of Columbia,"322,972","318,557","10,099","38,678","2,109","76,862",668791,869738,64644.7,52805.9,65547,43363,1472218,2.95,1796,4.14,"171,148",214.01312,,,,,,,,
11,2021,Florida,"17,232,231","4,016,791","231,717","842,378","62,683","5,838,983",21828069,13458025,1356318.6,1104068.5,1731183,679646,27523221,2.47,51692,7.61,"9,861,497",6984.98208,,,,,,,,
12,2021,Georgia,"6,629,386","3,709,277","128,319","574,242","27,483","1,105,261",10788029,6639656,602464,469588.7,1043171,490478,15414140,3.18,25844,5.27,"5,856,573",3452.16928,,,,,,,,
13,2021,Hawaii,"633,526","53,028","38,224","829,503","396,097","159,430",1447154,861096,87857.7,70859.4,115665,74508,2001123,3.72,5120,6.87,"375,052",463.08928,,,,,,,,
14,2021,Idaho,"1,815,360","30,005","55,347","50,297","9,545","252,314",1904314,1137618,99549.6,75541.2,173371,140925,3925845,3.59,8956,6.36,"995,847",609.38048,,,,,,,,
15,2021,Illinois,"9,924,854","2,014,605","146,689","878,912","20,073","2,292,752",12686469,7749727,852082.1,627976,1140595,786283,25057780,3.14,21608,2.75,"4,831,755",4059.67008,,,,,,,,
16,2021,Indiana,"5,887,978","792,410","69,972","221,829","11,014",525341,6813532,3978425,384520,290592.4,660956,584783,17483180,3.34,27841,4.76,"3,739,891",2180.33024,,,,,,,,
17,2021,Iowa,"2,944,288","175,145","36,029","105,255","9,474",215175,3197689,2053873,182524.5,133335,318834,541375,7802164,6.94,346139,63.94,"1,233,288",1023.26048,,,,,,,,
18,2021,Kansas,"2,613,212","231,547","71,648","117,340","8,364","376,207",2937922,1920925,172918.3,126619.5,290243,91027,3418047,2.66,5711,6.27,"1,676,854",940.13504,,,,,,,,
19,2021,Kentucky,"4,018,321","447,081","40,509","97,604","9,146","188,024",4506589,2558304,231179.8,184053.4,416072,556653,21835216,2.55,13467,2.42,"3,017,849",1442.10848,,,,,,,,
20,2021,Louisiana,"2,967,532","1,569,387","67,096","109,180","7,136","259,802",4627098,2694974,250700.7,195570.2,424818,562767,20002392,2.81,11022,1.96,"3,090,750",1480.67136,,,,,,,,
21,2021,Maine,"1,322,183","34,613","21,218","25,949","1,683","27,210",1377238,849493,80254.4,69379.8,107494,78226,2657803,2.94,10060,12.86,"525,231",440.71616,,,,,,,,
22,2021,Maryland,"3,719,405","2,065,938","87,364","498,184","16,005","689,373",6174610,3750161,430429.3,299934.1,531772,446939,13926140,3.21,38557,8.63,"2,315,431",1975.8752,,,,,,,,
23,2021,Massachusetts,"5,751,493","758,259","77,679","588,545","16,673","895,271",6989690,4777326,584291.1,408831.8,688028,355272,16157629,2.2,30493,8.58,"2,171,001",2236.7008,,,,,,,,
24,2021,Michigan,"8,168,342","1,572,600","160,751","415,825","13,994","560,135",10037504,5601637,567807.1,458227.3,926979,942031,27957775,3.37,41489,4.4,"5,147,051",3212.00128,,,,,,,,
25,2021,Minnesota,"4,885,256","505,747","126,565","354,239","10,907","333,620",5711471,3711807,378284.7,277462,499667,313000,11336665,2.76,24086,7.7,"1,574,783","1,828",,,,,,,,
26,2021,Mississippi,"1,772,237","1,142,932","32,638","44,788","5,201","102,124",2949586,1625695,135347.4,107510.2,289913,160639,5294168,3.03,6171,3.84,"1,854,199",944,,,,,,,,
27,2021,Missouri,"5,240,479","812,443","91,361","179,278","18,937","288,918",6169823,3796384,341254,277505.7,558016,303768,11378235,2.67,18420,6.06,"3,245,380","1,974",,,,,,,,
28,2021,Montana,"1,013,675","13,712","92,385","18,728","2,790","48,076",1106227,716176,62886.7,52880,102666,310163,2980056,10.41,204535,65.94,"523,097",354,,,,,,,,
29,2021,Nebraska,"1,766,029","129,882","46,571","68,115","4,918","236,480",1963554,1334434,120188.5,90703.4,188954,97671,3310993,2.95,8819,9.03,"859,370",628,,,,,,,,
30,2021,Nevada,"2,424,099","392,823","89,703","362,739","51,589","939,856",3146402,1912872,189308.2,140947,253546,267451,6372498,4.2,20465,7.65,"1,456,839","1,007",,,,,,,,
31,2021,New Hampshire,"1,311,826","36,893","12,984","51,310","1,890","61,187",1387505,894739,101674.5,78793.9,124420,41805,2084056,2.01,4132,9.88,"495,803",444,,,,,,,,
32,2021,New Jersey,"6,776,763","1,551,286","113,291","1,044,390","22,807","1,996,207",9267961,5585214,713720.6,506908.8,771827,445006,19012396,2.34,32350,7.27,"2,769,910",2965.74752,,,,,,,,
33,2021,New Mexico,"1,774,569","76,678","265,068","56,750","7,468","1,057,779",2116677,1092639,106451.2,84693.4,193520,158378,4769012,3.32,4559,2.88,"825,147",677,,,,,,,,
34,2021,New York,"14,106,859","3,887,847","337,866","2,067,557","55,631","3,894,598",19857492,12227874,1524128.5,1056366.2,1745253,986690,67156100,1.47,67699,6.86,"5,525,964",6354.39744,,,,,,,,
35,2021,North Carolina,"7,643,159","2,508,117","247,490","433,510","27,919","1,080,426",10565885,6318605,592695,463814.9,1005784,506796,15676150,3.23,49861,9.84,"5,550,172",3381.0832,,,,,,,,
36,2021,North Dakota,"693,551","34,133","50,895","18,312","2,041","34,822",777934,567834,50002.9,37338.5,85620,29381,1044301,2.81,648,2.21,"272,216",248.93888,,,,,,,,
37,2021,Ohio,"9,828,239","1,756,902","112,117","378,663","16,778","507,683",11764342,7048306,670035.6,519370.2,1058634,940091,39638415,2.37,41456,4.41,"5,187,393","3,765",,,,,,,,
38,2021,Oklahoma,"3,165,843","391,696","566,024","131,477","16,109","470,516",3991225,2314387,214760.7,154084,388812,293862,5776761,5.09,78247,26.63,"2,384,866","1,277",,,,,,,,
39,2021,Oregon,"3,836,587","145,150","151,558","282,213","37,972","596,978",4256301,2559698,261546.5,202876.8,356854,363484,9845328,3.69,47494,13.07,"2,013,559","1,362",,,,,,,,
40,2021,Pennsylvania,"10,813,605","1,779,484","125,685","596,813","23,011","1,084,917",13012059,7650343,833314.5,635754.1,1127884,455083,32695393,1.39,44975,9.88,"5,045,903","4,164",,,,,,,,
41,2021,Rhode Island,"939,727","118,519","22,072","49,160","4,100","187,724",1096985,640257,70531.5,51393.9,113825,68584,3275571,2.09,5796,8.45,"347,075",351,,,,,,,,
42,2021,South Carolina,"3,666,371","1,446,757","61,228","128,270","10,441","330,126",5193266,2938337,272339.5,224785.5,476311,144556,6635919,2.18,12240,8.47,"2,877,724",1661.84512,,,,,,,,
43,2021,South Dakota,"778,307","30,464","90,522","20,475","2,364","41,673",896164,625510,57717.8,42745,84378,26064,947559,2.75,2156,8.27,"363,917",287,,,,,,,,
44,2021,Tennessee,"5,594,610","1,261,538","82,214","178,956","14,432","427,059",6968351,4301472,394520.4,296228.3,623070,694218,14161072,4.9,443880,63.94,"4,610,724",2229.87232,,,,,,,,
45,2021,Texas,"23,592,021","4,213,368","513,010","1,856,846","87,004","11,845,413",29558864,18559325,1767681.7,1332115.7,2846706,576024,28375224,2.03,24379,4.23,"11,107,046",9458.83648,,,,,,,,
46,2021,Utah,"3,101,410","76,204","77,054","130,525","56,806","495,239",3339113,2250031,186990.5,142373.9,381791,123197,3383385,3.64,9259,7.52,"1,662,583","1,069",,,,,,,,
47,2021,Vermont,"621,316","14,170","8,313","16,752",686,"14,353",646972,421226,39949.4,32769.8,66098,43511,1594969,2.73,5765,13.25,"211,303",207,,,,,,,,
48,2021,Virginia,"6,211,262","1,880,922","114,634","745,132","24,759","884,746",8657365,5392698,573027.9,416984.5,817784,2797499,19305772,14.49,2461048,87.97,"3,160,771","2,770",,,,,,,,
49,2021,Washington,"6,361,440","483,648","275,150","962,940","105,689","1,062,818",7740745,4576236,570920.8,400486.8,661761,510784,13531963,3.77,39970,7.83,"3,063,979","2,477",,,,,,,,
50,2021,West Virginia,"1,695,217","88,389","17,237","23,754","3,723","35,029",1785526,864509,86451.8,73374.9,156128,162857,8609004,1.89,7121,4.37,"902,884",571,,,,,,,,
51,2021,Wisconsin,"5,220,965","458,915","110,565","219,529","8,496","438,964",5880101,3684969,351551.3,266288.8,544964,491604,11162438,4.4,103567,21.07,"2,082,868",1881.63232,,,,,,,,
52,2021,Wyoming,"548,508","11,487","22,783","10,043","1,644","61,558",579483,420429,40322.8,27685.2,51926,17713,446621,3.97,2010,11.35,"268,930",185.43456,,,,,,,,
53,2020,United States,260171154,49333852,7102755,23774989,1701611,61838550,329484123,195286600,19812171,14116165.7,30952100,21159978,653713145,3.24,4008483,18.94,"143,389,354","92,255",,,,,,,,
54,2020,Alabama,"3,552,313","1,398,872","70,772","98,569","9,969","233,001",4921532,2671005,232040.3,177093.9,471553,182750,6731532,2.71,8428,4.61,"4,017,099",1378.02896,,,,,,,,
55,2020,Alaska,"523,696","40,609","150,612","65,658","17,056","54,344",731158,430840,45965.1,35831.5,75499,57131,1329276,4.3,7264,12.71,"269,295",205,,,,,,,,
56,2020,Arizona,"6,107,280","473,323","448,483","353,010","37,474","2,298,475",7421401,3920033,375601.3,288818.8,677465,528058,14379406,3.67,38059,7.21,"3,095,698","2,078",,,,,,,,
57,2020,Arkansas,"2,436,244","504,665","63,155","67,045","16,129","243,654",3030522,1639829,142038.5,104782.9,286999,183608,4747650,3.87,6311,3.44,"2,364,920",849,,,,,,,,
58,2020,California,"29,622,772","3,071,983","1,116,550","7,120,742","369,317","15,650,672",39368078,23154091,2790523.5,1848651.7,3825091,2438944,81928518,2.98,150614,6.18,"11,365,077","11,023",,,,,,,,
59,2020,Colorado,"5,187,369","340,437","163,092","276,690","24,414","1,273,158",5807719,3821481,378051.4,272276.5,525528,389352,7539980,5.16,38019,9.76,"2,246,162","1,626",,,,,,,,
60,2020,Connecticut,"2,928,825","507,178","46,635","207,875","8,993","625,187",3557006,2217432,282486.1,180077,348309,254566,8855410,2.87,22929,9.01,"1,289,960",995.96168,,,,,,,,
61,2020,Delaware,"706,058","251,719","14,242","49,308","2,295","98,566",986809,592126,55866.8,45112.3,86584,72222,2676252,2.7,11609,16.07,"451,175",276,,,,,,,,
62,2020,District of Columbia,"322,207","321,720","9,806","37,970","2,120","77,661",712816,866085,61925.5,47733.5,76546,46589,1845621,2.52,2039,4.38,"177,846",200,,,,,,,,
63,2020,Florida,"17,051,166","3,971,606","225,900","817,907","60,650","5,734,620",21733312,12719592,1235793.4,954880.3,1769759,660176,25356087,2.6,52038,7.88,"10,036,732","6,085",,,,,,,,
64,2020,Georgia,"6,615,099","3,674,301","125,804","559,123","26,806","1,079,422",10710017,6326647,557601.2,410296,1029514,517381,14513150,3.56,28777,5.56,"6,002,955","2,999",,,,,,,,
65,2020,Hawaii,"633,085","54,084","38,735","830,496","396,603","159,267",1407006,817697,83109.5,64031.5,127251,78057,2090581,3.73,6132,7.86,"402,664",394,,,,,,,,
66,2020,Idaho,"1,763,627","28,286","53,659","47,597","9,072","240,762",1826913,1077864,91448.5,65101,162454,132076,3372544,3.92,8694,6.58,"1,008,829",512,,,,,,,,
67,2020,Illinois,"10,014,160","2,026,553","146,469","873,573","19,919","2,281,875",12587530,7519019,794459.5,556286.1,1207047,759916,24072560,3.16,22535,2.97,"4,882,045",3524.5084,,,,,,,,
68,2020,Indiana,"5,879,862","779,311","68,572","214,332","10,705",510766,6754953,3843114,354337.7,258617.9,664773,542625,15446410,3.51,29270,5.39,"3,835,933","1,891",,,,,,,,
69,2020,Iowa,"2,943,882","169,434","35,094","103,921","8,467",208906,3163561,2009821,169994.2,119315.3,318414,437881,6801710,6.44,273534,62.47,"1,257,433",885.79708,,,,,,,,
70,2020,Kansas,"2,614,367","230,139","71,178","116,347","8,178","369,734",2913805,1878887,164333.6,113475.7,297559,90567,3109049,2.91,6379,7.04,"1,714,048",815.8654,,,,,,,,
71,2020,Kentucky,"4,023,791","442,742","39,715","95,089","8,879","181,688",4477251,2471693,214052.5,164142.1,423509,619883,21099248,2.94,17091,2.76,"3,118,280",1253.63028,,,,,,,,
72,2020,Louisiana,"2,985,569","1,575,454","66,240","108,550","6,993","255,402",4645318,2592841,236324.2,173900,450084,560087,18824650,2.98,13245,2.36,"3,155,721",1300.68904,,,,,,,,
73,2020,Maine,"1,310,513","32,894","20,912","24,980","1,619","25,682",1350141,813101,74805.9,61370.5,109942,74688,2414014,3.09,10045,13.45,"546,187",378,,,,,,,,
74,2020,Maryland,"3,732,159","2,056,832","85,350","491,325","15,785","675,400",6055802,3621705,405454.6,269486.2,546000,468119,13069563,3.58,45590,9.74,"2,388,317","1,696",,,,,,,,
75,2020,Massachusetts,"5,776,607","746,356","77,001","577,657","16,414","881,105",6893574,4600264,550459.5,360537.9,697810,342792,15980380,2.15,31538,9.2,"2,185,258","1,930",,,,,,,,
76,2020,Michigan,"8,196,633","1,575,444","159,909","412,316","13,683","550,334",9966555,5387741,537493.5,411989.1,972594,941387,26621594,3.54,46836,4.98,"5,253,232","2,791",,,,,,,,
77,2020,Minnesota,"4,898,715","493,539","125,703","349,316","10,577","327,033",5657342,3607496,355211.2,252088,501434,309747,11399765,2.72,25288,8.16,"1,614,425","1,584",,,,,,,,
78,2020,Mississippi,"1,777,450","1,146,244","32,314","43,946","5,141","99,755",2966786,1573290,126306.9,96324.6,307010,159798,4845372,3.3,6870,4.3,"1,838,028",830.70008,,,,,,,,
79,2020,Missouri,"5,227,488","810,029","89,704","175,627","18,198","279,946",6151548,3692620,320698.2,246982.5,578259,308392,10587674,2.91,20919,6.78,"3,328,635","1,722",,,,,,,,
80,2020,Montana,"995,971","13,068","91,351","17,833","2,672","45,432",1080577,684052,58769.6,46022,100389,287494,2947481,9.75,180978,62.95,"531,404",302.56156,,,,,,,,
81,2020,Nebraska,"1,767,422","128,267","45,725","66,895","4,769","230,721",1937552,1305651,112629.7,80058.2,188917,72359,2324659,3.11,7550,10.43,"877,738",543,,,,,,,,
82,2020,Nevada,"2,413,495","381,595","88,231","351,062","49,915","920,833",3138259,1770886,172538.5,124030.6,253080,274352,5842864,4.7,23009,8.39,"1,490,243",879,,,,,,,,
83,2020,New Hampshire,"1,304,851","35,648","12,747","50,169","1,806","58,408",1366275,858471,94440.8,71131.4,126989,49153,2249176,2.19,6290,12.8,"516,658",383,,,,,,,,
84,2020,New Jersey,"6,801,058","1,541,428","111,244","1,031,606","22,178","1,970,322",8882371,5319454,663544.1,447693.8,781969,450417,17796374,2.53,36346,8.07,"2,851,584","2,487",,,,,,,,
85,2020,New Mexico,"1,778,436","75,724","263,905","55,702","7,423","1,054,552",2106319,1069531,99018,74388.6,203924,158530,4556018,3.48,4899,3.09,"859,907",590,,,,,,,,
86,2020,New York,"14,308,011","3,931,856","338,717","2,068,249","55,748","3,929,959",19336776,11871619,1442624.6,966027.5,1877412,989308,61494381,1.61,73639,7.44,"5,670,971",5414.29728,,,,,,,,
87,2020,North Carolina,"7,570,101","2,475,539","242,270","417,312","26,941","1,046,748",10600823,6054937,542726.5,407610.3,991317,455498,13806081,3.3,51418,11.29,"5,706,057","2,968",,,,,,,,
88,2020,North Dakota,"695,761","33,514","50,728","18,067","1,927","34,265",765309,560448,47410.7,33820.5,88434,27692,943905,2.93,828,2.99,"273,222",214.28652,,,,,,,,
89,2020,Ohio,"9,873,803","1,745,431","110,451","370,725","16,338","494,506",11693217,6852979,631330.7,467691,1082262,971893,39809507,2.44,46519,4.79,"5,327,882",3274.10076,,,,,,,,
90,2020,Oklahoma,"3,151,505","384,925","559,294","127,180","15,478","456,293",3980783,2266945,200152.9,138003.6,388868,212083,4974334,4.26,16637,7.84,"2,393,880",1114.61924,,,,,,,,
91,2020,Oregon,"3,831,951","141,883","149,880","276,212","37,298","583,189",4241507,2493432,241790.3,179129.5,364863,375868,9538960,3.94,45316,12.06,"2,071,780","1,188",,,,,,,,
92,2020,Pennsylvania,"10,820,854","1,765,500","122,579","579,083","22,324","1,054,078",12783254,7412855,788281.5,572692.2,1186552,498079,31203728,1.6,48656,9.77,"5,197,314","3,579",,,,,,,,
93,2020,Rhode Island,"941,311","116,480","21,626","48,816","4,085","183,327",1057125,615668,65709,45546.3,114326,66193,3131691,2.11,5698,8.61,"365,394",296,,,,,,,,
94,2020,South Carolina,"3,614,841","1,438,451","59,722","123,704","10,176","316,736",5218040,2825233,251946.2,196787.9,482492,152339,6456423,2.36,11997,7.88,"2,950,658","1,461",,,,,,,,
95,2020,South Dakota,"771,903","29,308","89,616","19,736","2,269","39,781",892717,606246,53621.5,37476.5,84514,24273,846574,2.87,2302,9.48,"367,223",250,,,,,,,,
96,2020,Tennessee,"5,555,497","1,259,440","79,881","173,944","13,997","410,561",6886834,4121045,362278.1,259372.2,625773,521007,13468682,3.87,229213,43.99,"4,766,539",1928.31352,,,,,,,,
97,2020,Texas,"23,402,304","4,123,760","500,974","1,798,334","84,226","11,669,901",29360759,17700743,1624525.8,1168805.2,2794838,636819,26220306,2.43,28037,4.4,"11,726,836","8,221",,,,,,,,
98,2020,Utah,"3,052,665","73,251","75,299","125,549","54,825","479,041",3249879,2135748,171385.4,122472.1,350862,124866,3056343,4.09,11087,8.88,"1,655,324",909.96612,,,,,,,,
99,2020,Vermont,"617,788","13,671","8,161","16,398",675,"13,691",623347,409316,38097.7,29686.3,66116,42788,1455947,2.94,6278,14.67,"223,501",174.53716,,,,,,,,
100,2020,Virginia,"6,208,725","1,870,157","112,906","731,514","24,138","865,658",8590563,5224726,536817.2,369718.3,824118,2421644,18861371,12.84,2081400,85.95,"3,239,061",2405.35764,,,,,,,,
101,2020,Washington,"6,375,558","474,024","272,603","938,381","103,260","1,039,402",7693612,4435738,527581.8,356590.2,664245,522028,13589083,3.84,41223,7.9,"3,125,722","2,154",,,,,,,,
102,2020,West Virginia,"1,702,152","87,017","16,830","22,981","3,679","33,540",1784787,840864,80971.2,66537.4,163612,167406,8518818,1.97,7012,4.19,"937,611",500,,,,,,,,
103,2020,Wisconsin,"5,237,562","458,882","109,796","216,662","8,383","430,859",5832655,3581998,329622.8,239972.9,554265,483262,10569244,4.57,109991,22.76,"2,141,812","1,633",,,,,,,,
104,2020,Wyoming,"546,692","11,279","22,613","9,906","1,625","60,332",582328,401701,37974,24566.4,54976,17835,413199,4.32,2107,11.81,"275,079",163,,,,,,,,
105,2019,United States,258646488,48221139,6945552,22861985,1612424,60572237,328329953,201635200,18575467,14392721,30373170,22058928,679767097,3.25,3119928,14.14,"153,966,961","72,232",,,,,,,,
106,2019,Alabama,"3,467,601","1,356,889","69,283","93,086","8,861","223,278",4907965,2712086,216587.5,177412.1,457530,224307,7229386,3.1,10307,4.6,"4,241,021",1079.7523,,,,,,,,
107,2019,Alaska,"526,160","39,155","148,222","63,246","14,980","53,212",733603,454743,45056.8,37743.5,67738,65389,1433657,4.56,8268,12.64,"282,296",161,,,,,,,,
108,2019,Arizona,"6,205,880","462,503","458,422","347,073","37,195","2,310,590",7291843,3929945,340259.8,287272.8,694529,595124,14954631,3.98,44314,7.45,"3,337,095",1604.20546,,,,,,,,
109,2019,Arkansas,"2,447,410","500,953","61,824","63,350","14,522","236,631",3020985,1663920,133161.4,104158.6,282336,216695,5017840,4.32,8129,3.75,"2,511,058",664.6167,,,,,,,,
110,2019,California,"29,811,073","3,028,848","1,089,251","6,950,075","365,003","15,574,880",39437610,24225068,2567425.6,1917201.3,3683287,2763904,86754095,3.19,174298,6.31,"12,456,258","8,676",,,,,,,,
111,2019,Colorado,"5,172,874","332,572","159,162","268,594","22,792","1,256,904",5758486,3894748,356341.3,272795.8,527473,419271,7601683,5.52,38808,9.26,"2,383,881","1,267",,,,,,,,
112,2019,Connecticut,"2,919,379","489,113","43,195","201,471","8,169","600,955",3566022,2297910,272459.4,184842.1,341435,294479,9250370,3.18,22998,7.81,"1,406,701",785,,,,,,,,
113,2019,Delaware,"696,896","243,680","13,516","46,488","2,069","93,391",976668,602766,53202.5,45735.2,82507,90200,2791832,3.23,14353,15.91,"491,918",215,,,,,,,,
114,2019,District of Columbia,"340,498","337,049","9,862","39,586","1,871","79,477",708253,915212,58203.2,49118.1,72703,59197,2129273,2.78,2366,4,"213,065",156,,,,,,,,
115,2019,Florida,"17,011,975","3,910,189","219,895","794,963","58,060","5,663,860",21492056,12761155,1165093.1,964269.4,1761280,692903,26838208,2.58,49579,7.16,"10,415,353",4728.25232,,,,,,,,
116,2019,Georgia,"6,593,299","3,601,810","122,051","533,469","23,577","1,048,724",10628020,6398989,522393,415665.1,1034172,596565,15615850,3.82,35182,5.9,"6,357,543","2,338",,,,,,,,
117,2019,Hawaii,"616,065","51,069","37,751","811,299","381,966","150,864",1415615,914019,79699.7,66957.1,119017,86100,2204037,3.91,7898,9.17,"446,445",311.4353,,,,,,,,
118,2019,Idaho,"1,705,899","26,206","51,467","44,207","7,926","229,490",1789060,1063687,83031.5,63939.8,166713,84108,2321760,3.62,6667,7.93,"1,065,720",394,,,,,,,,
119,2019,Illinois,"9,964,306","1,986,143","141,473","840,936","18,814","2,219,882",12667017,7859053,750935.6,573085.1,1162448,847346,25524683,3.32,28228,3.33,"5,217,411","2,787",,,,,,,,
120,2019,Indiana,"5,846,605","756,622","66,617","207,726","9,763","489,353",6731010,3969603,329625,259729.3,662783,544444,14845369,3.67,31327,5.75,"4,067,011","1,481",,,,,,,,
121,2019,Iowa,"2,917,776","162,233","33,753","99,966","7,279","198,550",3159596,2070466,160360.6,121665.5,310236,274588,5888095,4.66,126288,45.99,"1,350,363",695,,,,,,,,
122,2019,Kansas,"2,596,647","222,478","69,645","113,395","6,899","356,073",2912635,1924114,155125.9,114529,294932,106610,3227787,3.3,8264,7.75,"1,826,489",641,,,,,,,,
123,2019,Kentucky,"3,995,280","432,618","38,568","89,604","7,507","174,706",4472345,2549943,197356,164781.9,417406,659805,22136780,2.98,17984,2.73,"3,276,182",983.9159,,,,,,,,
124,2019,Louisiana,"2,989,864","1,571,385","65,461","104,039","6,539","246,972",4658285,2717570,222349.1,176015.7,423707,619395,19012647,3.26,14317,2.31,"3,458,208","1,025",,,,,,,,
125,2019,Maine,"1,293,243","30,965","20,865","23,927","1,308","23,700",1345770,842455,68863,62018.3,106707,71943,2109193,3.41,10105,14.05,"598,300",296,,,,,,,,
126,2019,Maryland,"3,691,116","1,985,724","81,228","469,720","14,477","643,822",6054954,3744535,384074.3,280092.2,529535,517154,13670866,3.78,53607,10.37,"2,561,214","1,332",,,,,,,,
127,2019,Massachusetts,"5,714,720","723,368","75,027","555,431","16,204","854,907",6894883,4872907,513710.4,376243.6,690150,368830,16433581,2.24,35364,9.59,"2,345,324","1,517",,,,,,,,
128,2019,Michigan,"8,144,915","1,542,943","158,391","401,001","12,503","528,205",9984795,5713233,495268.6,422231.1,949408,1038345,27327183,3.8,58580,5.64,"5,580,018","2,197",,,,,,,,
129,2019,Minnesota,"4,859,412","469,537","124,345","335,109","9,454","315,130",5640053,3782809,332916,261626.8,489751,320728,11421257,2.81,25444,7.93,"1,722,044",1240.81166,,,,,,,,
130,2019,Mississippi,"1,792,535","1,148,593","31,669","42,550","3,821","100,110",2978227,1607308,117112.8,96481.6,298065,196486,5353099,3.67,9215,4.69,"1,927,844",655,,,,,,,,
131,2019,Missouri,"5,222,409","799,739","87,760","168,028","16,427","268,708",6140475,3779459,301030.7,251601.3,558571,354685,10938111,3.24,28104,7.92,"3,551,902",1350.9045,,,,,,,,
132,2019,Montana,"979,267","12,349","90,472","16,422","2,452","43,289",1070123,685999,54083.5,45496.2,100304,300501,3050400,9.85,181069,60.26,"562,623",235,,,,,,,,
133,2019,Nebraska,"1,745,490","123,505","43,760","65,298","4,414","219,645",1932571,1328389,105922.2,80567.6,187542,75085,2419773,3.1,8796,11.71,"928,036",425,,,,,,,,
134,2019,Nevada,"2,399,257","369,270","85,953","337,570","47,620","900,600",3090771,1884148,161433.6,125722.2,252953,282623,5786403,4.88,24498,8.67,"1,532,653",680,,,,,,,,
135,2019,New Hampshire,"1,289,306","33,721","12,534","48,250","1,595","54,589",1360783,890072,88822.8,71883,123941,48672,2005884,2.43,6701,13.77,"550,094",299,,,,,,,,
136,2019,New Jersey,"6,563,325","1,457,390","102,441","960,549","20,128","1,856,844",8891258,5571245,633651,457257.1,752937,496198,18788625,2.64,41653,8.39,"3,120,003","1,956",,,,,,,,
137,2019,New Mexico,"1,766,432","72,233","257,858","52,731","6,553","1,032,942",2099634,1116844,91853.6,75837.8,196991,202092,5018066,4.03,7305,3.61,"928,827",461.91948,,,,,,,,
138,2019,New York,"13,971,815","3,743,356","318,858","1,929,111","52,884","3,751,058",19463131,12745758,1362298.6,1010359.1,1766731,1138548,65568118,1.74,89809,7.89,"6,217,084","4,282",,,,,,,,
139,2019,North Carolina,"7,612,937","2,476,917","245,724","396,500","23,708","1,025,830",10501384,6149071,505470.2,406984.1,1007035,520129,15514523,3.35,59322,11.41,"6,046,187",2310.30448,,,,,,,,
140,2019,North Dakota,"679,052","31,603","51,664","16,958","1,423","31,532",763724,581406,44346.9,34788.1,80981,29731,952654,3.12,942,3.17,"291,775",168.01928,,,,,,,,
141,2019,Ohio,"9,811,405","1,704,393","107,899","350,891","14,952","470,462",11696507,7071612,589835.8,474617.8,1064448,1063068,42058457,2.53,54705,5.15,"5,712,841",2573.23154,,,,,,,,
142,2019,Oklahoma,"3,155,062","375,371","553,509","121,883","13,797","438,110",3960676,2310371,191851.6,138817,385498,236836,5356994,4.42,19148,8.08,"2,635,684",871.34872,,,,,,,,
143,2019,Oregon,"3,812,785","137,402","146,851","268,996","35,882","566,847",4216116,2579279,222257,180302.5,366803,381643,9178879,4.16,40658,10.65,"2,206,758",927.54552,,,,,,,,
144,2019,Pennsylvania,"10,692,240","1,719,076","117,073","550,061","20,067","1,000,150",12798883,7772526,739891.8,592927,1141628,617650,32261732,1.91,60009,9.72,"5,698,485","2,816",,,,,,,,
145,2019,Rhode Island,"912,169","109,665","20,190","47,242","3,609","172,644",1058158,650995,61107.2,47038,108834,71802,3199058,2.24,5869,8.17,"398,785",233,,,,,,,,
146,2019,South Carolina,"3,621,800","1,449,147","58,171","119,204","9,588","307,118",5157702,2882364,237024.5,196321.3,473210,178209,6473872,2.75,12930,7.26,"3,137,065","1,135",,,,,,,,
147,2019,South Dakota,"768,328","27,200","92,686","17,773","1,605","37,351",887127,610325,48797,37494.4,81361,26421,868851,3.04,2627,9.94,"386,407",195,,,,,,,,
148,2019,Tennessee,"5,481,096","1,238,958","76,883","166,638","12,161","391,382",6830325,4169016,338609.2,260150.9,624460,341187,13992817,2.44,12411,3.64,"5,142,701","1,503",,,,,,,,
149,2019,Texas,"23,349,158","4,011,039","485,363","1,720,188","77,865","11,525,578",28986794,17901639,1560503.5,1171626.5,2826700,731327,29774049,2.46,32193,4.4,"12,927,131",6377.09468,,,,,,,,
150,2019,Utah,"2,983,395","69,571","73,697","120,326","51,065","462,051",3203383,2103035,157045.2,119720.1,364058,113118,2623724,4.31,10832,9.58,"1,734,084",705,,,,,,,,
151,2019,Vermont,"600,216","13,033","8,088","15,239",638,"12,719",624046,433442,35584.5,30718.7,64872,47130,1466352,3.21,6938,14.72,"232,579",137,,,,,,,,
152,2019,Virginia,"6,163,488","1,834,836","109,216","700,139","22,219","834,422",8556642,5329577,507874.1,376752,805157,1753480,16947347,10.35,1410594,80.45,"3,500,660","1,882",,,,,,,,
153,2019,Washington,"6,313,367","452,304","264,596","896,898","99,611","991,721",7614024,4592322,490322.1,361957.5,661604,575404,14095493,4.08,47048,8.18,"3,351,540","1,675",,,,,,,,
154,2019,West Virginia,"1,706,437","83,316","15,137","20,131","1,587","31,162",1795263,881634,77329.9,67992.2,152243,198674,9252345,2.15,7602,3.83,"1,037,648",395,,,,,,,,
155,2019,Wisconsin,"5,177,053","451,731","106,202","204,756","7,581","413,208",5824581,3718385,311019,243920.4,543737,501190,10639078,4.71,104147,20.78,"2,308,948","1,281",,,,,,,,
156,2019,Wyoming,"547,771","11,369","22,024","9,892","1,434","58,609",580116,408043,36889,24806.1,54723,19609,442330,4.43,2128,10.85,"287,699",127.62552,,,,,,,,
157,2018,United States,257879857,47754210,6868822,22405594,1584440,59639869,326838199,200292200,17671054,13904979.5,30656350,25287108,685892618,3.69,2406827,9.52,"168,858,135","68,636",,,,,,,,
158,2018,Alabama,"3,457,921","1,351,916","68,355","91,074","8,702","217,191",4891628,2692424,206712,170793.3,461302,306105,7319465,4.18,12598,4.12,"4,644,775",1027.24188,,,,,,,,
159,2018,Alaska,"529,382","39,429","148,190","62,943","14,704","53,146",736624,454776,43981.2,36639.5,68625,80390,1396466,5.76,10735,13.35,"336,944",154.69104,,,,,,,,
160,2018,Arizona,"6,113,134","445,779","451,557","334,821","35,876","2,258,856",7164228,3854741,316896.3,273358.7,689343,725158,15301206,4.74,57752,7.96,"3,632,438","1,504",,,,,,,,
161,2018,Arkansas,"2,442,215","499,052","61,002","62,149","13,926","231,674",3012161,1658212,130033.4,101690.3,287926,256150,4922387,5.2,12308,4.81,"2,694,564",632.55381,,,,,,,,
162,2018,California,"29,861,086","3,014,130","1,084,710","6,844,977","361,811","15,472,859",39437463,24077466,2431773.9,1833872.8,3755863,3320845,87963110,3.78,214933,6.47,"14,041,568","8,282",,,,,,,,
163,2018,Colorado,"5,118,379","325,511","156,507","260,556","22,045","1,233,748",5697155,3857981,331851,259778,528539,526878,7893847,6.67,48730,9.25,"2,639,832","1,196",,,,,,,,
164,2018,Connecticut,"2,935,796","481,547","42,626","197,726","8,056","589,825",3574561,2314465,263357.6,181460.1,344203,328217,9331066,3.52,22988,7,"1,546,943",751,,,,,,,,
165,2018,Delaware,"693,287","239,463","13,294","45,517","2,012","91,144",966985,597021,51191.2,44085.2,84321,104507,2539681,4.12,17384,16.63,"572,238",203,,,,,,,,
166,2018,District of Columbia,"334,390","339,385","9,733","38,628","1,867","77,991",704147,914319,56707.5,47626.2,75065,71366,2132075,3.35,3016,4.23,"263,238",148,,,,,,,,
167,2018,Florida,"16,842,400","3,857,234","215,736","774,289","56,528","5,537,857",21254926,12556216,1088794.7,926954.3,1769325,911893,28869504,3.16,64419,7.06,"11,570,816",4463.53446,,,,,,,,
168,2018,Georgia,"6,556,887","3,543,574","119,670","516,514","23,103","1,022,370",10519389,6287460,493507.4,400575.6,1038010,689370,16082175,4.29,41219,5.98,"6,765,522","2,209",,,,,,,,
169,2018,Hawaii,"618,466","50,971","37,870","810,830","381,638","150,891",1423102,924352,76168.3,64529.5,121647,116284,2535314,4.59,12114,10.42,"514,066",298.85142,,,,,,,,
170,2018,Idaho,"1,671,542","25,057","50,135","42,534","7,583","222,206",1752074,1041387,76435.2,61370.1,165091,97329,2369819,4.11,8276,8.5,"1,126,376",368,,,,,,,,
171,2018,Illinois,"10,020,151","1,989,444","140,404","829,639","18,543","2,204,614",12724685,7880803,728667,559137.3,1178902,942603,24791764,3.8,31741,3.37,"5,647,188","2,672",,,,,,,,
172,2018,Indiana,"5,829,069","744,639","65,313","197,455","9,515","475,652",6698481,3963724,315740.4,253695.8,656928,627549,15135474,4.15,37254,5.94,"4,405,413","1,407",,,,,,,,
173,2018,Iowa,"2,916,214","158,153","33,212","98,452","6,734","194,214",3149900,2076505,155916.4,119344,317964,235436,5053658,4.66,78340,33.27,"1,512,150",661,,,,,,,,
174,2018,Kansas,"2,597,083","221,022","68,788","111,348","6,739","351,378",2912748,1925926,148523.2,111416.1,294933,152010,3354085,4.53,14441,9.5,"1,976,384",612,,,,,,,,
175,2018,Kentucky,"3,993,570","427,631","38,160","87,914","7,331","170,343",4464273,2546178,188348.3,160739.5,421207,802283,22679596,3.54,24448,3.05,"3,456,142",937.49733,,,,,,,,
176,2018,Louisiana,"3,000,309","1,571,580","65,184","103,187","6,452","242,798",4664450,2725271,215086.4,171413,436660,734775,18862930,3.9,15474,2.11,"3,784,308",980,,,,,,,,
177,2018,Maine,"1,289,391","29,906","20,551","23,319","1,294","22,831",1340123,843918,65015.1,60063.3,106470,71780,1902774,3.77,10949,15.25,"646,645",281.42583,,,,,,,,
178,2018,Maryland,"3,698,196","1,971,955","80,296","463,592","14,290","626,378",6042153,3752933,371870.3,273782.2,537024,600957,13989965,4.3,64549,10.74,"2,769,370",1268.85213,,,,,,,,
179,2018,Massachusetts,"5,726,313","711,537","74,070","542,464","15,798","838,281",6885720,4855037,487436.5,364342.8,702295,430522,16447052,2.62,41252,9.58,"2,566,287","1,446",,,,,,,,
180,2018,Michigan,"8,148,167","1,539,178","157,065","393,765","12,196","518,477",9987286,5715122,477925.4,411741,961804,1324664,28526324,4.64,76280,5.76,"6,289,430","2,097",,,,,,,,
181,2018,Minnesota,"4,845,821","454,134","123,275","327,860","9,130","308,256",5608762,3776940,319452.6,254964.5,499903,403003,11966244,3.37,32197,7.99,"1,945,329","1,178",,,,,,,,
182,2018,Mississippi,"1,796,135","1,150,332","31,244","41,594","3,746","98,279",2982879,1602929,112739,94757.2,303525,245928,5428636,4.53,11452,4.66,"2,171,123",626,,,,,,,,
183,2018,Missouri,"5,213,680","795,839","86,507","162,974","15,838","262,383",6125986,3777370,288564.8,244720.6,565939,447039,11248390,3.97,40950,9.16,"3,869,493","1,286",,,,,,,,
184,2018,Montana,"971,851","11,929","89,787","15,822","2,379","42,282",1061818,684043,50780.1,43983.6,96579,277969,2932281,9.48,141021,50.73,"601,280",222.98178,,,,,,,,
185,2018,Nebraska,"1,740,277","121,212","43,193","63,283","4,318","214,478",1925512,1330415,100995.1,78604,187942,105388,2686202,3.92,12923,12.26,"1,015,554",404,,,,,,,,
186,2018,Nevada,"2,366,999","356,235","83,635","326,767","45,714","877,290",3030725,1848890,149611.8,120099.8,248598,347481,6363794,5.46,31971,9.2,"1,659,914",636.45225,,,,,,,,
187,2018,New Hampshire,"1,284,694","32,410","12,367","47,529","1,529","52,495",1355064,892584,83026,69494.4,127582,37488,1412816,2.65,5392,14.38,"617,370",285,,,,,,,,
188,2018,New Jersey,"6,584,151","1,448,694","101,119","950,545","19,767","1,828,769",8891730,5550061,598428.7,443243.8,768272,561878,19027162,2.95,49072,8.73,"3,404,615","1,867",,,,,,,,
189,2018,New Mexico,"1,765,038","70,554","256,702","51,565","6,470","1,027,108",2093754,1110587,86685.6,74540.8,198710,269377,5761533,4.68,10473,3.89,"1,010,656",440,,,,,,,,
190,2018,New York,"14,052,138","3,748,490","318,747","1,912,493","52,589","3,743,541",19544098,12655123,1311427.5,975658.7,1805181,1323665,66172049,2,111174,8.4,"6,790,992","4,104",,,,,,,,
191,2018,North Carolina,"7,543,588","2,448,013","242,402","383,950","23,033","994,606",10391358,6055657,476308.7,388305.2,984618,613637,15331801,4,67503,11,"6,436,425","2,182",,,,,,,,
192,2018,North Dakota,"676,423","30,363","51,148","16,551","1,308","29,925",760062,578397,42733.1,34104.2,84584,37137,969667,3.83,1610,4.34,"325,579",160,,,,,,,,
193,2018,Ohio,"9,816,349","1,689,816","106,586","341,413","14,483","459,088",11680892,7067380,568458.4,463184.2,1071971,1290481,43004252,3,69310,5.37,"6,239,742",2452.98732,,,,,,,,
194,2018,Oklahoma,"3,144,528","370,993","548,974","118,420","13,033","428,453",3943488,2312261,182341.2,135975.2,379146,301559,5594115,5.39,26848,8.9,"3,118,775",828,,,,,,,,
195,2018,Oregon,"3,785,543","133,480","144,669","261,834","35,003","553,064",4183538,2570069,211541.6,172903.2,365745,442778,9128662,4.85,27772,6.27,"2,385,659",878.54298,,,,,,,,
196,2018,Pennsylvania,"10,714,091","1,705,075","115,293","535,906","19,600","973,661",12809107,7763488,714331.5,576675,1164816,925613,33682616,2.75,84711,9.15,"6,382,073",2689.91247,,,,,,,,
197,2018,Rhode Island,"913,701","107,408","20,029","46,356","3,533","168,360",1059338,648727,57490.5,45892.7,112712,88704,3515400,2.52,6784,7.65,"434,041",222,,,,,,,,
198,2018,South Carolina,"3,571,785","1,437,809","56,928","113,839","9,293","295,948",5091702,2843694,221707.2,188518.4,487363,233689,6593027,3.54,17101,7.32,"3,452,647","1,069",,,,,,,,
199,2018,South Dakota,"762,806","26,437","92,558","17,503","1,501","36,499",879386,610179,45660.9,36112.8,84922,32785,883741,3.71,3272,9.98,"428,410",185,,,,,,,,
200,2018,Tennessee,"5,438,066","1,228,135","75,093","160,190","11,712","378,914",6778180,4120203,319022.2,250515.5,619812,457429,13593230,3.37,18716,4.09,"5,728,506","1,423",,,,,,,,
201,2018,Texas,"23,111,014","3,926,938","475,546","1,666,423","75,136","11,323,903",28624564,17608884,1482714.1,1127680.2,2825264,890991,31001283,2.87,43041,4.83,"13,710,681","6,011",,,,,,,,
202,2018,Utah,"2,938,860","66,411","71,926","114,971","49,430","449,150",3155153,2069738,145255.8,113697.3,357372,120134,2492931,4.82,12461,10.37,"1,867,834",662.58213,,,,,,,,
203,2018,Vermont,"600,996","12,632","8,019","15,014",630,"12,504",624802,437661,33577,30012.6,64948,60520,1496879,4.04,9175,15.16,"262,360",131,,,,,,,,
204,2018,Virginia,"6,150,712","1,820,910","107,677","686,989","21,759","816,546",8510920,5299069,483922.1,366521.5,826038,728090,11104727,6.56,464252,63.76,"3,773,994",1787.2932,,,,,,,,
205,2018,Washington,"6,265,601","438,653","261,087","861,004","96,479","966,855",7526793,4537842,454583.5,347152.4,658589,715535,14259424,5.02,56600,7.91,"3,743,745",1580.62653,,,,,,,,
206,2018,West Virginia,"1,718,263","83,165","15,050","20,259","1,530","30,333",1805953,898085,74740,66575.1,161826,258932,9481639,2.73,10468,4.04,"1,181,605",379,,,,,,,,
207,2018,Wisconsin,"5,166,523","448,957","104,886","201,360","7,361","404,469",5809319,3721096,298256.9,237862.2,549441,589412,10886934,5.41,117060,19.86,"2,581,086","1,220",,,,,,,,
208,2018,Wyoming,"546,876","11,093","21,947","9,487","1,393","57,986",579054,404591,34759.6,24355.2,51505,23395,473446,4.94,2318,9.91,"316,010",122,,,,,,,,
209,2017,United States,256979842,47268586,6788292,21949938,1556054,58573530,325122128,196394100,16837337,13233608.6,30820412,32240821,704296772,4.58,2412650,7.48,"192,696,190","71,526",,,,,,,,
210,2017,Alabama,"3,450,537","1,346,419","67,372","89,288","8,469","210,410",4877989,2649222,199191.8,163308.1,471079,357609,7378767,4.85,15659,4.38,"5,127,981","1,073",,,,,,,,
211,2017,Alaska,"533,993","39,362","148,012","62,822","14,602","53,113",740983,455550,42431.4,35232.3,73053,97744,1502123,6.51,12207,12.49,"393,489",163.01626,,,,,,,,
212,2017,Arizona,"6,023,564","430,291","444,767","325,858","34,836","2,207,774",7048088,3740747,299249.2,258453.2,672180,969155,16065222,6.03,90774,9.37,"4,284,865","1,551",,,,,,,,
213,2017,Arkansas,"2,436,521","496,655","59,920","61,443","13,205","226,085",3003855,1639903,125285.9,97895.2,287448,320666,5054517,6.34,18529,5.78,"3,040,791",660.8481,,,,,,,,
214,2017,California,"29,858,922","2,999,079","1,079,597","6,739,224","358,301","15,354,335",39337785,23548874,2318280.9,1738353.6,3799994,3963934,88738638,4.47,257240,6.49,"15,895,810",8654.3127,,,,,,,,
215,2017,Colorado,"5,053,900","317,294","153,283","251,389","21,325","1,206,753",5617421,3760708,309417.3,246543.7,522727,674324,8282379,8.14,62300,9.24,"3,053,535","1,236",,,,,,,,
216,2017,Connecticut,"2,946,598","475,088","41,835","193,981","7,952","573,197",3575324,2300273,252571.3,174977.7,352052,395289,9181256,4.31,31973,8.09,"1,721,231",787,,,,,,,,
217,2017,Delaware,"689,509","235,375","12,911","44,257","1,914","88,373",957942,584693,48476.2,41859.8,83940,109681,2445384,4.49,18376,16.75,"639,941",211,,,,,,,,
218,2017,District of Columbia,"328,038","339,654","9,687","37,661","1,866","76,263",697079,902843,54464.8,45021,74760,84548,2211279,3.82,3931,4.65,"291,873",153,,,,,,,,
219,2017,Florida,"16,633,494","3,795,261","211,238","753,185","55,064","5,368,560",20977089,12098388,1023855.3,874165.4,1763443,1212728,29629378,4.09,84246,6.95,"13,295,782","4,615",,,,,,,,
220,2017,Georgia,"6,523,480","3,486,775","117,158","500,606","22,528","994,571",10417031,6128089,469213.5,380240.9,1018588,845916,16366596,5.17,49793,5.89,"7,612,110","2,292",,,,,,,,
221,2017,Hawaii,"619,639","50,766","37,715","811,086","380,930","149,930",1425763,921135,74542.8,61184.9,123797,147616,2687582,5.49,15421,10.45,"587,981",313.66786,,,,,,,,
222,2017,Idaho,"1,640,532","23,999","49,025","41,138","7,254","215,568",1719745,1007831,71888.4,57312,161870,122707,2324326,5.28,11205,9.13,"1,266,182",378,,,,,,,,
223,2017,Illinois,"10,077,353","1,995,705","139,676","818,198","18,318","2,188,039",12779893,7823072,692895.9,535515.6,1199876,1320132,28014197,4.71,46812,3.55,"6,397,059",2811.57646,,,,,,,,
224,2017,Indiana,"5,812,232","731,689","63,946","186,717","9,225","461,327",6662068,3903424,300964.6,242203.1,657470,822559,15564802,5.28,47422,5.77,"5,031,711",1465.65496,,,,,,,,
225,2017,Iowa,"2,915,139","153,482","32,539","96,363","6,275","188,928",3143734,2061826,149420.3,115188.2,321452,261400,5731622,4.56,25272,9.67,"1,717,967",692,,,,,,,,
226,2017,Kansas,"2,596,745","219,991","68,191","108,967","6,487","345,781",2910892,1913433,142421.6,107092.2,296020,252878,4339803,5.83,25968,10.27,"2,153,318",640,,,,,,,,
227,2017,Kentucky,"3,988,651","423,266","37,676","86,566","7,113","164,491",4455590,2520120,182391.5,154102.3,420632,889738,21810322,4.08,28282,3.18,"3,775,681",980,,,,,,,,
228,2017,Louisiana,"3,011,254","1,571,122","64,958","102,182","6,358","238,909",4673673,2692542,206121.5,165317.6,454814,915815,18265691,5.01,22014,2.4,"4,264,618","1,028",,,,,,,,
229,2017,Maine,"1,286,127","28,921","20,248","22,722","1,266","22,100",1335743,834280,62372.1,57573.9,109965,92111,2280467,4.04,14275,15.5,"744,931",294,,,,,,,,
230,2017,Maryland,"3,703,347","1,958,468","79,362","457,523","14,024","606,677",6028186,3696841,361606.2,263787.1,537623,725184,13776405,5.26,84130,11.6,"3,175,615",1326.20092,,,,,,,,
231,2017,Massachusetts,"5,726,068","697,471","72,691","529,931","15,407","811,426",6863560,4778364,463980.9,350641.3,700662,497109,15638815,3.18,48471,9.75,"2,886,129",1509.9832,,,,,,,,
232,2017,Michigan,"8,144,297","1,535,931","155,866","384,941","11,968","507,455",9976752,5631139,459437.9,394195.6,967140,1782938,29609252,6.02,102377,5.74,"7,515,234","2,195",,,,,,,,
233,2017,Minnesota,"4,828,246","437,647","121,731","319,388","8,843","300,117",5569283,3735638,304179.5,242602.3,500408,537467,12988026,4.14,47301,8.8,"2,202,415",1225.24226,,,,,,,,
234,2017,Mississippi,"1,803,361","1,151,056","31,045","40,615","3,674","96,074",2990674,1592198,110093.1,91438.6,310206,313862,5641836,5.56,14726,4.69,"2,635,448",658,,,,,,,,
235,2017,Missouri,"5,204,783","791,815","85,403","158,550","15,255","255,716",6111382,3735873,276573.9,235073.2,575596,563378,11537162,4.88,53980,9.58,"4,375,015","1,345",,,,,,,,
236,2017,Montana,"964,352","11,686","89,223","15,320","2,332","41,015",1053862,674409,48704.8,41772.8,96932,168937,2520671,6.7,20356,12.05,"697,847",232,,,,,,,,
237,2017,Nebraska,"1,734,567","118,693","42,603","60,917","4,192","209,112",1916998,1317730,96996.2,75468.6,186225,114907,2611806,4.4,14056,12.23,"1,113,535",422,,,,,,,,
238,2017,Nevada,"2,331,656","341,893","81,339","316,346","44,008","852,464",2972097,1780614,140347.5,113091,250902,476399,6467029,7.37,41118,8.63,"2,146,894",654,,,,,,,,
239,2017,New Hampshire,"1,281,719","31,079","12,177","46,821","1,473","50,276",1350395,882481,79312.5,66455.7,126595,43275,1339460,3.23,6282,14.52,"693,333",297.0869,,,,,,,,
240,2017,New Jersey,"6,598,881","1,442,005","99,766","938,977","19,265","1,796,065",8888147,5448785,573105.5,423288.3,792310,698444,19267866,3.62,65218,9.34,"3,918,084","1,955",,,,,,,,
241,2017,New Mexico,"1,766,024","69,356","256,108","50,635","6,372","1,020,880",2092844,1095489,82903.6,71250,206873,333142,6015830,5.54,14457,4.34,"1,162,236",460.42568,,,,,,,,
242,2017,New York,"14,115,302","3,752,398","317,931","1,895,723","51,915","3,725,119",19593849,12391361,1270251.6,925248.7,1874770,1580430,63873684,2.47,143504,9.08,"7,675,984","4,311",,,,,,,,
243,2017,North Carolina,"7,470,046","2,416,760","238,708","370,703","22,449","961,105",10275758,5919022,453729.2,367513.6,981044,907168,16355380,5.55,89053,9.82,"7,466,960","2,261",,,,,,,,
244,2017,North Dakota,"675,184","28,604","50,709","16,264","1,247","28,608",756755,573077,40266.3,33017.3,86353,47049,975187,4.82,2966,6.3,"379,490",166,,,,,,,,
245,2017,Ohio,"9,820,927","1,673,218","105,072","330,784","13,998","443,864",11665706,6987847,547516.6,446207.2,1074727,1986412,47366403,4.19,106245,5.35,"7,406,679","2,566",,,,,,,,
246,2017,Oklahoma,"3,141,045","367,970","545,056","115,840","12,482","418,886",3933602,2291944,174159.6,129563.3,382967,370972,5777658,6.42,34785,9.38,"3,460,540",865,,,,,,,,
247,2017,Oregon,"3,756,582","129,514","142,081","254,541","34,001","538,947",4147294,2515986,198957.5,163272.2,367807,632950,10152937,6.23,46966,7.42,"2,726,603",912.40468,,,,,,,,
248,2017,Pennsylvania,"10,726,598","1,687,868","112,814","521,869","18,959","934,046",12794679,7662469,678604.6,549026.4,1179724,1550108,36543528,4.24,139329,8.99,"7,390,706","2,815",,,,,,,,
249,2017,Rhode Island,"914,273","104,917","19,740","45,296","3,425","162,698",1056554,638851,55310.7,44062.5,115698,115176,3437437,3.35,7964,6.91,"511,263",232.44188,,,,,,,,
250,2017,South Carolina,"3,522,663","1,426,610","55,628","108,467","8,963","284,679",5027102,2759183,212325.2,179228.8,478798,327850,6801717,4.82,21059,6.42,"3,925,358","1,106",,,,,,,,
251,2017,South Dakota,"757,899","25,731","91,841","17,464","1,432","35,247",873732,601254,43599,34399.5,81879,44054,921594,4.78,4294,9.75,"493,919",192,,,,,,,,
252,2017,Tennessee,"5,391,420","1,215,887","73,345","153,630","11,502","364,848",6714748,4033011,302461.6,238681.9,619279,812655,14254583,5.7,36022,4.43,"6,628,751","1,477",,,,,,,,
253,2017,Texas,"22,899,690","3,847,195","466,347","1,614,974","72,618","11,128,657",28291024,17104407,1387922.6,1070314.7,2790087,1059775,31763966,3.34,55686,5.25,"14,986,901","6,224",,,,,,,,
254,2017,Utah,"2,893,469","63,640","70,471","110,323","47,673","435,852",3103540,1995267,135162.2,106285.2,349704,149966,2535648,5.91,16778,11.19,"2,033,495",683,,,,,,,,
255,2017,Vermont,"601,230","12,300","7,920","14,907",608,"12,133",625132,435861,32445.5,28734.7,66635,76120,1509155,5.04,11539,15.16,"317,273",138,,,,,,,,
256,2017,Virginia,"6,135,880","1,805,650","106,028","673,319","21,215","795,062",8471011,5229126,466610.7,350788.7,822718,432624,10352233,4.18,71426,16.51,"4,443,799",1863.62242,,,,,,,,
257,2017,Washington,"6,210,170","424,539","257,222","824,488","93,437","941,382",7427951,4432271,426442.7,325712.5,657042,944544,15267166,6.19,77809,8.24,"4,290,154","1,634",,,,,,,,
258,2017,West Virginia,"1,730,616","82,777","14,967","20,344","1,539","29,372",1818683,888822,71344.5,63838,163104,341010,9436383,3.61,16617,4.87,"1,399,766",400.11026,,,,,,,,
259,2017,Wisconsin,"5,154,705","444,812","103,603","198,269","7,136","393,622",5793147,3678859,284576.5,226584.6,557891,721150,11183252,6.45,133685,18.54,"2,979,890",1274.49234,,,,,,,,
260,2017,Wyoming,"548,614","10,902","21,741","9,116","1,354","57,619",579994,398968,32952.3,23562.6,53553,29216,500352,5.84,2752,9.42,"360,018",128,,,,,,,,
261,2016,United States,255903271,46733758,6702824,21373695,1525581,57450887,323071755,193425900,16092713,12693265.6,31014292,36902273,685821751,5.38,2783521,7.54,"215,998,653","64,614",,,,,,,,
262,2016,Alabama,"3,445,802","1,340,849","66,661","86,772","8,324","205,380",4866824,2619761,192363.5,157119.9,463070,407587,7587123,5.37,19535,4.79,"5,680,731",973,,,,,,,,
263,2016,Alaska,"538,204","38,968","147,604","61,161","14,132","51,970",742575,457142,41837.4,34218.2,75647,96490,1222153,7.9,11181,11.59,"449,875",149,,,,,,,,
264,2016,Arizona,"5,945,837","416,338","437,735","315,907","33,657","2,157,992",6944767,3644791,282085.1,244414.7,673240,1283751,17621826,7.29,139024,10.83,"4,863,342","1,389",,,,,,,,
265,2016,Arkansas,"2,429,594","493,907","58,593","59,689","12,317","219,388",2991815,1629734,121825.9,94391.2,290440,333081,4840413,6.88,17987,5.4,"3,272,822",598,,,,,,,,
266,2016,California,"29,797,434","2,981,717","1,073,905","6,604,843","353,718","15,205,729",39149186,23177961,2218457.8,1651249,3852527,4422964,85934130,5.15,281593,6.37,"17,843,551","7,830",,,,,,,,
267,2016,Colorado,"4,993,542","310,830","150,421","243,261","20,807","1,182,806",5543844,3666709,289673,233473.1,534527,808077,8890600,9.09,71628,8.86,"3,460,458","1,109",,,,,,,,
268,2016,Connecticut,"2,959,628","469,117","41,210","190,426","7,771","559,495",3579830,2301331,247777.4,169905.3,356553,488372,9451826,5.17,46197,9.46,"1,979,727",716,,,,,,,,
269,2016,Delaware,"685,856","231,581","12,637","43,399","1,841","85,497",949989,578605,46444.8,40559,85281,153469,2855698,5.37,24754,16.13,"746,853",190,,,,,,,,
270,2016,District of Columbia,"320,245","339,218","9,626","36,213","1,860","74,645",687576,892796,52684.5,43139.6,80230,100823,2306334,4.37,4996,4.96,"322,004",137.5152,,,,,,,,
271,2016,Florida,"16,375,283","3,718,337","206,719","726,062","53,402","5,179,794",20627237,11682273,954069.7,836468.9,1763628,1322139,29307650,4.51,89448,6.77,"14,297,281","4,125",,,,,,,,
272,2016,Georgia,"6,487,368","3,427,326","115,058","482,086","21,961","968,481",10308442,5973764,444023.7,361907.9,1014366,921770,15853475,5.81,47997,5.21,"8,217,688","2,062",,,,,,,,
273,2016,Hawaii,"620,571","50,349","37,750","811,314","380,030","148,592",1428885,914921,71571.7,58783.7,129855,149762,2432123,6.16,14750,9.85,"656,331",286,,,,,,,,
274,2016,Idaho,"1,607,706","22,798","47,840","39,487","6,895","208,573",1684036,976719,68009.3,53704.8,159418,137352,2244662,6.12,12975,9.45,"1,376,827",337,,,,,,,,
275,2016,Illinois,"10,122,045","2,004,020","139,390","802,089","18,093","2,170,466",12821709,7804672,673691,518592.3,1213601,1455711,26070277,5.58,55052,3.78,"7,085,794","2,564",,,,,,,,
276,2016,Indiana,"5,802,864","721,152","62,895","179,731","8,908","449,016",6637898,3847508,290604.4,230341.9,662944,1047787,16368081,6.4,66423,6.34,"5,614,684","1,328",,,,,,,,
277,2016,Iowa,"2,913,967","147,112","31,943","92,626","5,915","183,725",3133210,2066676,145790,111435.6,320706,292032,6283383,4.65,21956,7.52,"1,935,390",627,,,,,,,,
278,2016,Kansas,"2,598,644","219,961","67,837","108,009","6,270","340,741",2912977,1916188,138533.9,103792.2,300434,198812,3284776,6.05,20818,10.47,"2,327,823",583,,,,,,,,
279,2016,Kentucky,"3,981,927","416,742","37,321","83,684","6,765","158,310",4440306,2498703,177190.6,148558.2,429008,724665,16554851,4.38,22094,3.05,"4,145,126",888,,,,,,,,
280,2016,Louisiana,"3,021,567","1,567,878","64,306","101,185","6,344","235,624",4681346,2691337,200190.6,160575.5,449365,750510,13100935,5.73,23246,3.1,"4,667,879",936,,,,,,,,
281,2016,Maine,"1,283,910","28,037","19,960","22,210","1,239","21,280",1332348,826729,59959.2,54847.8,109959,121654,2374544,5.12,18995,15.61,"897,566",266,,,,,,,,
282,2016,Maryland,"3,706,918","1,941,044","78,030","447,554","13,809","587,148",6007014,3659063,350384.4,255458.3,547787,838175,13698112,6.12,105342,12.57,"3,574,783","1,201",,,,,,,,
283,2016,Massachusetts,"5,721,690","679,702","71,281","510,728","15,019","785,078",6827280,4709800,444184.1,337983,705317,640783,15869343,4.04,60964,9.51,"3,365,652","1,365",,,,,,,,
284,2016,Michigan,"8,134,313","1,531,837","154,505","371,973","11,605","496,928",9954117,5575793,446030.2,380298.5,976715,2131199,29311749,7.27,128903,6.05,"8,400,499","1,991",,,,,,,,
285,2016,Minnesota,"4,809,603","419,683","119,905","310,272","8,464","291,529",5525360,3697854,292234.9,231656.7,506046,591038,12211579,4.84,49487,8.37,"2,555,999",1105.072,,,,,,,,
286,2016,Mississippi,"1,805,293","1,148,641","30,587","39,832","3,595","92,911",2990595,1581199,107499.5,89429.6,308551,370224,5862814,6.31,15027,4.06,"2,977,050",598,,,,,,,,
287,2016,Missouri,"5,193,340","787,258","83,911","152,661","14,726","248,783",6091384,3700543,270603.5,226589.2,581922,645729,11639372,5.55,58575,9.07,"4,832,855","1,218",,,,,,,,
288,2016,Montana,"954,304","11,113","87,738","14,697","2,260","38,810",1042137,667793,46074.1,39938.1,101230,150780,1977263,7.63,12062,8,"810,069",208,,,,,,,,
289,2016,Nebraska,"1,728,385","116,529","41,728","58,405","4,106","202,648",1906483,1310927,94838,72773.2,189211,119540,2258272,5.29,12586,10.53,"1,234,269",381,,,,,,,,
290,2016,Nevada,"2,303,264","326,435","78,992","305,169","42,433","829,044",2919555,1724751,132058.4,106878.1,251946,562700,6905599,8.15,50394,8.96,"2,332,499",584,,,,,,,,
291,2016,New Hampshire,"1,276,890","29,824","11,992","45,962","1,427","47,773",1343694,873123,76092.3,63683.9,127368,64968,1443132,4.5,9181,14.13,"837,748",269,,,,,,,,
292,2016,New Jersey,"6,610,640","1,434,569","98,633","916,601","18,599","1,761,332",8873584,5391258,552051.4,412421,788858,984999,21949648,4.49,88613,9,"4,589,911","1,775",,,,,,,,
293,2016,New Mexico,"1,768,289","68,596","254,151","50,167","6,228","1,015,173",2092555,1092375,81414.1,69085.3,200120,388990,6045099,6.43,14007,3.6,"1,329,194",418.511,,,,,,,,
294,2016,New York,"14,173,591","3,755,168","317,759","1,868,911","51,180","3,707,660",19636391,12259166,1194534.6,887610.6,1912311,1901793,66604952,2.86,179990,9.46,"8,604,928","3,927",,,,,,,,
295,2016,North Carolina,"7,402,490","2,384,528","234,741","352,699","21,746","931,221",10161802,5825267,432626.2,350566.6,972709,1028283,16491258,6.24,101114,9.83,"8,459,987","2,032",,,,,,,,
296,2016,North Dakota,"677,360","27,013","50,438","14,974","1,188","27,577",756114,576701,39765.8,32848.8,88343,57576,970401,5.93,4340,7.54,"433,605",151,,,,,,,,
297,2016,Ohio,"9,820,673","1,656,052","103,660","316,959","13,582","429,127",11640060,6931328,529069.6,431492.2,1083341,2268467,42492082,5.34,116615,5.14,"8,645,839","2,328",,,,,,,,
298,2016,Oklahoma,"3,142,152","365,522","540,341","113,836","12,093","408,491",3928143,2287131,166547.7,126280.4,389969,411583,5731262,7.18,37628,9.14,"3,811,129",786,,,,,,,,
299,2016,Oregon,"3,714,350","125,473","139,296","245,103","32,998","521,879",4093271,2450390,188283.3,153768.8,367267,711338,9580372,7.43,56250,7.91,"3,143,631",819,,,,,,,,
300,2016,Pennsylvania,"10,747,708","1,671,370","110,604","506,277","18,388","900,116",12788468,7593722,661160.1,531332.5,1187407,1777698,32529888,5.46,152497,8.58,"8,764,513","2,558",,,,,,,,
301,2016,Rhode Island,"917,024","103,146","19,445","45,152","3,312","158,539",1057816,633419,53229.7,42732.8,113741,136367,3235433,4.21,9080,6.66,"596,817",211.5632,,,,,,,,
302,2016,South Carolina,"3,472,928","1,415,661","54,463","103,302","8,782","274,206",4963031,2700187,202215.4,171796.1,472679,361208,6206881,5.82,22859,6.33,"4,323,952",993,,,,,,,,
303,2016,South Dakota,"751,884","23,638","90,824","16,109","1,343","32,942",863693,597263,42336.8,32806,85659,52261,970045,5.39,4875,9.33,"544,210",172.7386,,,,,,,,
304,2016,Tennessee,"5,345,519","1,201,634","71,488","147,889","11,185","350,628",6651277,3951859,290239.9,228519,620744,988430,14030213,7.05,48782,4.94,"7,376,491","1,330",,,,,,,,
305,2016,Texas,"22,659,792","3,760,120","457,793","1,548,832","70,150","10,918,843",27914064,16683280,1296480.8,1024102.9,2795622,1198191,32030908,3.74,55792,4.66,"16,357,887","5,583",,,,,,,,
306,2016,Utah,"2,842,944","60,331","68,709","104,515","46,180","420,810",3044241,1933131,127881.4,100033.9,346126,194553,2702574,7.2,21661,11.13,"2,202,405",609,,,,,,,,
307,2016,Vermont,"601,644","11,954","7,803","14,050",598,"11,626",624366,433791,31575.6,28080,66347,100025,1579436,6.33,14090,14.09,"364,591",125,,,,,,,,
308,2016,Virginia,"6,112,881","1,788,016","104,316","653,397","20,635","770,588",8417651,5156659,449830.1,340009.9,823075,585718,10476636,5.59,81224,13.87,"5,251,151","1,684",,,,,,,,
309,2016,Washington,"6,130,828","409,526","251,488","785,745","89,922","910,632",7299961,4313722,401774.3,306826.3,662384,1063755,14647844,7.26,94677,8.9,"4,778,316","1,460",,,,,,,,
310,2016,West Virginia,"1,744,142","82,695","14,862","20,405","1,493","28,717",1832435,890209,68630.1,62330.9,162462,444655,9755986,4.56,21360,4.8,"1,670,282",366.487,,,,,,,,
311,2016,Wisconsin,"5,146,365","439,668","102,137","192,562","6,909","384,921",5775170,3657732,274374.7,218339.8,560389,880031,11491754,7.66,141725,16.1,"3,590,560","1,155",,,,,,,,
312,2016,Wyoming,"554,073","10,775","21,793","8,803","1,377","57,703",585243,398144,31908.5,23082.9,53847,34408,536984,6.41,3172,9.22,"396,079",117,,,,,,,,
313,2015,United States,254647109,46162127,6611267,20751126,1493235,56254742,320738994,190325800,15681233,12263476.3,31341948,37964067,641988059,5.91,2885869,7.6,"227,807,356","51,318",,,,,,,,
314,2015,Alabama,"3,441,742","1,334,914","65,936","83,777","8,205","199,684",4854803,2587641,189115.4,152755.9,468319,418709,7431591,5.63,20023,4.78,"5,897,883",777,,,,,,,,
315,2015,Alaska,"537,583","38,112","146,616","59,281","13,596","50,424",738430,461707,42555.1,33496.5,82518,73451,964721,7.61,9048,12.32,"476,905",118,,,,,,,,
316,2015,Arizona,"5,865,007","400,161","430,371","302,104","32,536","2,108,105",6832810,3547647,270815.5,234868.8,669583,1234984,15862678,7.79,128368,10.39,"5,160,721","1,093",,,,,,,,
317,2015,Arkansas,"2,424,108","489,907","57,310","57,228","11,443","213,648",2979732,1610799,118719.5,91353.2,284441,356271,5081298,7.01,17058,4.79,"3,341,435",477,,,,,,,,
318,2015,California,"29,689,713","2,964,234","1,067,319","6,458,181","348,756","15,030,627",38904296,22687175,2125430.3,1581389.3,3943137,4595531,82195162,5.59,299032,6.51,"19,057,900","6,225",,,,,,,,
319,2015,Colorado,"4,919,743","302,788","147,288","234,286","20,140","1,158,247",5454328,3574253,284836.8,221188.9,527949,831193,8138457,10.21,72496,8.72,"3,751,410",873,,,,,,,,
320,2015,Connecticut,"2,975,389","464,198","40,897","186,973","7,725","547,726",3588561,2288144,243164.6,166029.8,352843,558678,9179056,6.09,55066,9.86,"2,216,908",574.16976,,,,,,,,
321,2015,Delaware,"682,598","227,844","12,463","42,313","1,756","83,411",942065,568832,45216.1,39499,89098,160202,2543370,6.3,25260,15.77,"799,240",151,,,,,,,,
322,2015,District of Columbia,"312,267","337,835","9,463","34,650","1,854","72,581",677014,873204,50337.3,41546.1,81506,102182,2120399,4.82,6039,5.91,"351,205",108,,,,,,,,
323,2015,Florida,"16,068,565","3,636,693","201,428","696,704","51,397","4,980,837",20219111,11367164,919834.9,803038.6,1774002,1449594,28800818,5.03,134606,9.29,"14,224,642","3,235",,,,,,,,
324,2015,Georgia,"6,444,012","3,364,888","112,053","458,976","21,375","938,992",10183353,5832928,427437.4,346913.3,1028679,1010138,16122034,6.27,51178,5.07,"8,280,320","1,629",,,,,,,,
325,2015,Hawaii,"617,499","49,193","37,720","807,560","378,739","145,315",1422999,901126,69109.1,57056.7,134483,181416,2688123,6.75,19977,11.01,"696,032",228,,,,,,,,
326,2015,Idaho,"1,579,582","21,500","46,688","37,150","6,558","201,543",1652495,949392,65475.7,51075.7,156767,151504,2211751,6.85,15453,10.2,"1,441,175",264,,,,,,,,
327,2015,Illinois,"10,162,209","2,010,882","139,008","788,300","17,824","2,151,138",12859585,7748859,666943.7,504573.4,1237872,1370982,22538680,6.08,53086,3.87,"7,325,652","2,058",,,,,,,,
328,2015,Indiana,"5,793,627","710,726","61,889","170,055","8,647","437,032",6611442,3796439,282821.4,222911.7,676373,894115,12636259,7.08,62687,7.01,"5,909,416","1,058",,,,,,,,
329,2015,Iowa,"2,911,723","141,493","31,391","89,326","5,484","178,332",3122541,2059821,144587.6,108541.7,320642,383909,6543441,5.87,26370,6.87,"2,060,434",499.60656,,,,,,,,
330,2015,Kansas,"2,599,608","219,565","67,610","104,459","6,143","335,062",2910717,1910992,138336.8,101825.9,302928,206223,3251174,6.34,21414,10.38,"2,417,387",466,,,,,,,,
331,2015,Kentucky,"3,976,729","411,218","36,609","80,131","6,562","153,558",4429126,2473925,174331.2,143345.3,425719,442586,10884664,4.07,14161,3.2,"4,352,410",709,,,,,,,,
332,2015,Louisiana,"3,016,802","1,559,765","63,695","98,790","6,239","229,543",4666998,2696540,201363.5,157340.3,459284,674313,12474565,5.41,23817,3.53,"4,776,148",747,,,,,,,,
333,2015,Maine,"1,282,626","26,871","19,651","21,336","1,209","20,604",1329098,816586,58331.3,53337.5,112229,144435,2486994,5.81,21106,14.61,"1,025,613",213,,,,,,,,
334,2015,Maryland,"3,711,502","1,924,773","76,991","438,522","13,440","568,379",5988528,3602930,337702.8,248999.3,556183,872390,13211317,6.6,101634,11.65,"3,785,026",958,,,,,,,,
335,2015,Massachusetts,"5,722,251","662,855","70,126","492,764","14,632","761,609",6797484,4631415,428228.9,327178.8,700584,725485,14761853,4.91,63358,8.73,"3,785,936","1,088",,,,,,,,
336,2015,Michigan,"8,129,018","1,528,326","153,192","357,588","11,262","485,172",9934483,5501527,433688.6,367102.3,986405,2061794,25672797,8.03,128971,6.26,"8,903,256","1,590",,,,,,,,
337,2015,Minnesota,"4,795,478","401,172","118,365","299,986","8,129","284,084",5484002,3662633,286422.9,224669.9,505761,669825,11664948,5.74,54530,8.14,"2,844,019",877,,,,,,,,
338,2015,Mississippi,"1,808,654","1,145,520","30,196","39,454","3,531","90,843",2990231,1568216,106064,87674,311989,398288,5777031,6.89,16068,4.03,"3,107,098",478.43696,,,,,,,,
339,2015,Missouri,"5,184,215","782,239","82,607","149,064","14,278","242,276",6075411,3655817,263271.4,220991.6,593894,688180,11501582,5.98,62831,9.13,"5,049,357",972,,,,,,,,
340,2015,Montana,"945,516","10,656","86,449","14,046","2,167","37,275",1031495,660573,45453.5,38950.7,100393,91586,1218812,7.51,10294,11.24,"845,788",165.0392,,,,,,,,
341,2015,Nebraska,"1,720,481","113,535","40,618","54,688","3,972","196,199",1892059,1302877,96282.1,70358.7,192977,124394,2179658,5.71,12634,10.16,"1,269,798",302.72944,,,,,,,,
342,2015,Nevada,"2,275,452","311,777","76,835","294,641","40,656","805,810",2868531,1664654,127117,102663.7,254123,543108,6116148,8.88,48714,8.97,"2,437,968",459,,,,,,,,
343,2015,New Hampshire,"1,273,523","28,256","11,751","44,404","1,395","45,489",1337480,860652,73474.6,61532,130063,114119,1855673,6.15,13929,12.21,"965,874",214,,,,,,,,
344,2015,New Jersey,"6,629,241","1,427,335","98,108","898,769","18,087","1,730,691",8870312,5303132,537105.9,401477.9,792764,896657,18392224,4.88,74316,8.29,"4,891,663","1,419",,,,,,,,
345,2015,New Mexico,"1,769,088","67,531","251,881","49,463","6,173","1,007,992",2090071,1092272,79864.3,67605.3,208145,374578,5416924,6.92,17123,4.57,"1,421,373",334,,,,,,,,
346,2015,New York,"14,227,550","3,748,334","316,530","1,832,969","50,431","3,677,500",19657321,12099197,1154722.9,859339.4,1941151,2050749,63418188,3.23,180556,8.8,"9,103,860","3,145",,,,,,,,
347,2015,North Carolina,"7,327,023","2,350,335","230,652","334,731","21,083","902,312",10037218,5694917,419334.3,337936.4,992108,1154370,16383622,7.05,107551,9.32,"8,967,063",1605.95488,,,,,,,,
348,2015,North Dakota,"680,810","24,134","49,889","14,052","1,155","26,368",755537,597638,41178.9,33195.7,93597,63279,913341,6.93,5032,7.95,"467,684",121,,,,,,,,
349,2015,Ohio,"9,829,920","1,638,586","102,379","302,312","13,225","415,911",11622315,6862150,518826.8,419361.5,1087145,2433474,39561885,6.15,124156,5.1,"9,427,063","1,860",,,,,,,,
350,2015,Oklahoma,"3,133,747","361,920","534,631","110,850","11,702","395,593",3910518,2287838,175134,124016.6,392378,446323,5846998,7.63,37769,8.46,"4,002,626",626,,,,,,,,
351,2015,Oregon,"3,657,377","120,432","136,071","230,964","31,620","505,359",4018542,2391179,179600.2,146766.3,363364,823688,9713026,8.48,63924,7.76,"3,438,520",643,,,,,,,,
352,2015,Pennsylvania,"10,776,966","1,654,826","108,174","490,762","17,879","868,542",12789838,7510339,643988.1,520049.5,1214756,1743650,29018034,6.01,151015,8.66,"9,486,319","2,046",,,,,,,,
353,2015,Rhode Island,"919,049","100,976","19,145","44,193","3,214","153,898",1056886,626983,52447.6,41710.4,114340,156807,3211987,4.88,10165,6.48,"648,141",169,,,,,,,,
354,2015,South Carolina,"3,422,238","1,402,949","53,227","98,255","8,514","265,582",4896006,2636275,194364.1,165037.1,487006,432594,6618502,6.54,27454,6.35,"4,552,708",783,,,,,,,,
355,2015,South Dakota,"746,963","21,593","89,459","14,631","1,274","31,125",854663,592644,41912.7,31621.4,85681,53083,875406,6.06,4961,9.35,"580,856",137,,,,,,,,
356,2015,Tennessee,"5,304,799","1,189,723","69,910","142,713","10,859","339,061",6595354,3859498,281281.1,219893.4,633012,1018415,13081374,7.79,69553,6.83,"7,785,619",1055.25664,,,,,,,,
357,2015,Texas,"22,366,995","3,666,955","448,258","1,477,317","67,433","10,678,182",27468531,16414554,1300510.1,985928.1,2787469,1217575,31697280,3.84,59782,4.91,"16,813,491","4,395",,,,,,,,
358,2015,Utah,"2,790,967","57,232","66,957","99,275","44,406","406,327",2983626,1865934,121339.2,94726.6,341637,217098,2810261,7.73,23770,10.95,"2,273,104",477,,,,,,,,
359,2015,Vermont,"603,910","11,610","7,747","13,507",564,"11,201",625810,432560,31079,27664.4,67228,110808,1576744,7.03,15465,13.96,"400,370",100,,,,,,,,
360,2015,Virginia,"6,094,079","1,772,024","102,506","633,462","20,072","747,655",8367303,5060270,438272.8,330496.5,827861,583116,10186332,5.72,42311,7.26,"5,635,595","1,339",,,,,,,,
361,2015,Washington,"6,044,460","395,083","246,160","751,257","86,463","877,314",7167287,4199164,381158.1,291410.7,669067,1136474,14016747,8.11,106143,9.34,"5,092,049","1,147",,,,,,,,
362,2015,West Virginia,"1,755,397","82,487","14,680","19,917","1,461","27,822",1843332,904270,69178.6,60923,164334,520370,9293729,5.6,25575,4.91,"1,958,112",295,,,,,,,,
363,2015,Wisconsin,"5,143,659","435,409","100,667","186,440","6,625","375,768",5762927,3624473,269703.9,211770.9,560301,962286,11306189,8.51,146248,15.2,"3,889,390",922,,,,,,,,
364,2015,Wyoming,"555,649","10,757","21,701","8,550","1,345","56,994",586389,406045,33761.8,23022.7,57860,39088,534212,7.32,3792,9.7,"414,794",94,,,,,,,,
365,2014,United States,253389473,45586479,6519537,20105977,1461672,55088193,318386329,186239800,14969527,11847725.1,31554009,37014898,571877738,6.47,2767969,7.48,"244,484,091",47757,,,,,,,,
366,2014,Alabama,"3,440,563","1,326,709","65,240","80,913","8,083","195,674",4843737,2552256,181078.8,148689.4,484011,457095,7225656,6.33,20284,4.44,"6,450,157",727,,,,,,,,
367,2014,Alaska,"538,610","37,864","145,692","58,031","13,290","49,149",737075,461371,41210,32820.9,84814,73636,933039,7.89,8657,11.76,"503,910",111,,,,,,,,
368,2014,Arizona,"5,791,596","385,934","423,938","291,119","31,729","2,058,718",6732873,3448146,257272.3,226189.9,673187,1183532,12965244,9.13,121085,10.23,"5,404,585","1,010",,,,,,,,
369,2014,Arkansas,"2,418,826","486,099","56,346","55,281","10,764","208,394",2968759,1587408,114743.3,88384.5,291815,373458,5019643,7.44,15295,4.1,"3,562,670",445,,,,,,,,
370,2014,California,"29,533,710","2,942,716","1,059,513","6,289,881","343,322","14,845,913",38586706,21996861,1980736.8,1511296.2,3996629,3968627,62811331,6.32,252814,6.37,"21,017,951","5,788",,,,,,,,
371,2014,Colorado,"4,836,877","293,373","143,678","223,647","19,391","1,131,352",5352637,3467715,271410.2,209174.7,524258,792615,7143629,11.1,65204,8.23,"3,969,988",803,,,,,,,,
372,2014,Connecticut,"2,991,844","458,666","40,395","182,054","7,580","536,662",3595697,2266061,236756.6,162500.9,349983,558385,8285804,6.74,53120,9.51,"2,377,003",539,,,,,,,,
373,2014,Delaware,"679,103","223,842","12,376","40,494","1,679","81,390",933131,556449,43031.6,38168.3,91429,182877,2317320,7.89,30850,16.87,"850,403",140,,,,,,,,
374,2014,District of Columbia,"302,863","335,384","9,300","32,929","1,799","69,541",663603,860668,46780.2,39914,80652,113314,2219032,5.11,5963,5.26,"386,926",99.54045,,,,,,,,
375,2014,Florida,"15,795,391","3,559,685","196,293","671,163","49,490","4,803,659",19853880,10937534,861412.3,762704.3,1798078,1512996,27494170,5.5,126517,8.36,"15,060,443","2,978",,,,,,,,
376,2014,Georgia,"6,405,352","3,305,778","110,005","439,913","20,804","914,656",10071204,5671135,402790.9,333460.4,1029514,1060821,15929791,6.66,52746,4.97,"8,654,377","1,511",,,,,,,,
377,2014,Hawaii,"611,840","47,876","37,607","804,983","376,538","141,796",1415335,882702,66036.7,55604.6,136621,172816,2337189,7.39,18806,10.88,"752,869",212,,,,,,,,
378,2014,Idaho,"1,562,424","20,516","45,487","35,270","6,382","196,144",1632248,925548,61801.4,49025.6,158006,170663,2168150,7.87,15795,9.26,"1,512,089",245,,,,,,,,
379,2014,Illinois,"10,197,547","2,013,776","138,405","770,302","17,491","2,131,182",12885092,7613604,638640,492043.9,1256770,1163492,19275809,6.04,42968,3.69,"7,751,153","1,933",,,,,,,,
380,2014,Indiana,"5,791,149","702,570","61,169","162,862","8,422","428,308",6596019,3740470,272244.9,217888.8,670265,883752,10952185,8.07,69180,7.83,"6,354,107",989,,,,,,,,
381,2014,Iowa,"2,908,163","135,791","30,755","85,926","5,185","173,045",3110643,2038999,139531.3,106473.5,318801,364662,5597028,6.52,23075,6.33,"2,175,405",467,,,,,,,,
382,2014,Kansas,"2,596,354","217,663","67,412","99,668","5,989","328,576",2901861,1895912,136878.7,99395.5,300013,435071,5916227,7.35,43870,10.08,"2,582,757",435,,,,,,,,
383,2014,Kentucky,"3,971,733","406,545","36,227","76,071","6,454","150,109",4416992,2439916,166717.1,138860.5,430973,440014,8771954,5.02,21432,4.87,"4,710,788",663,,,,,,,,
384,2014,Louisiana,"3,006,440","1,550,503","62,926","95,916","5,999","222,812",4645938,2684809,200293.9,153179.5,474204,582538,9072284,6.42,18878,3.24,"5,183,782",696.8907,,,,,,,,
385,2014,Maine,"1,285,455","26,295","19,535","21,098","1,152","20,135",1331217,810909,55863.6,51947.7,112710,165770,2603002,6.37,20700,12.49,"1,110,254",200,,,,,,,,
386,2014,Maryland,"3,712,893","1,904,121","75,474","426,672","13,129","549,447",5960064,3537737,322438.2,242928.8,562419,916088,12644689,7.24,90764,9.91,"4,041,418",894,,,,,,,,
387,2014,Massachusetts,"5,718,593","646,246","68,932","476,664","14,187","736,337",6764864,4447709,401832.5,315612.4,700372,795227,14333178,5.55,68987,8.68,"4,131,609","1,015",,,,,,,,
388,2014,Michigan,"8,135,961","1,527,213","152,289","345,609","11,035","476,714",9932033,5412068,411019.8,356075.1,1005716,1985989,22147232,8.97,114804,5.78,"9,629,833","1,490",,,,,,,,
389,2014,Minnesota,"4,787,721","385,776","116,706","290,305","7,813","276,865",5452665,3603670,273488,219265.3,501482,766837,11853531,6.47,58711,7.66,"3,078,534",818,,,,,,,,
390,2014,Mississippi,"1,813,640","1,143,016","29,810","38,270","3,450","88,710",2991892,1556854,104255.5,85903.7,310816,401779,5516409,7.28,14043,3.5,"3,284,027",449,,,,,,,,
391,2014,Missouri,"5,176,809","776,778","81,466","143,639","13,912","236,000",6059130,3597160,254317.5,215633.7,594320,689336,10384504,6.64,60087,8.72,"5,438,347",909,,,,,,,,
392,2014,Montana,"938,120","10,305","85,479","13,461","2,081","35,571",1022657,649048,43555.8,37675.5,103107,91528,1123370,8.15,10398,11.36,"918,510",153.39855,,,,,,,,
393,2014,Nebraska,"1,713,569","111,259","39,452","51,682","3,882","190,794",1879955,1282738,92524,68396.8,188925,137228,2224614,6.17,12979,9.46,"1,368,797",282,,,,,,,,
394,2014,Nevada,"2,247,468","298,759","74,862","283,901","39,246","781,603",2818935,1608537,117372.2,98451.3,256970,464138,4724323,9.82,40819,8.79,"2,555,291",423,,,,,,,,
395,2014,New Hampshire,"1,273,051","27,138","11,655","42,552","1,339","43,500",1334257,844521,70501.2,59480.9,128223,95010,1512555,6.28,13435,14.14,"1,028,348",200,,,,,,,,
396,2014,New Jersey,"6,649,591","1,418,039","97,243","880,201","17,789","1,700,761",8867277,5206898,515515.1,392156.7,798047,750707,14783152,5.08,63035,8.4,"5,073,989","1,330",,,,,,,,
397,2014,New Mexico,"1,773,765","66,664","248,749","48,412","6,158","1,000,680",2090236,1083585,77975.1,65847.2,211672,365313,4676329,7.81,21360,5.85,"1,457,670",314,,,,,,,,
398,2014,New York,"14,265,254","3,735,980","315,250","1,792,747","49,825","3,640,804",19653431,11865761,1105907.8,831917.2,1981342,1963635,60487679,3.25,179330,9.13,"9,291,858",2948.01465,,,,,,,,
399,2014,North Carolina,"7,267,418","2,321,548","227,034","320,284","20,505","876,543",9937295,5568600,398099.5,327458.8,991459,1192423,16278923,7.33,109482,9.18,"9,563,877",1490.59425,,,,,,,,
400,2014,North Dakota,"670,219","19,773","48,649","12,706","1,053","23,174",738736,607113,42819.6,32422.6,93106,56037,767635,7.3,4308,7.69,"507,754",110.8104,,,,,,,,
401,2014,Ohio,"9,840,967","1,620,630","101,169","288,410","12,761","403,614",11606573,6771706,498894.6,407208.5,1101063,2057249,28841569,7.13,108863,5.29,"10,211,622",1740.98595,,,,,,,,
402,2014,Oklahoma,"3,116,617","355,856","527,685","104,952","11,162","382,635",3879187,2273648,180469,122016,395873,507923,6099440,8.33,35812,7.05,"4,243,348",581.87805,,,,,,,,
403,2014,Oregon,"3,615,845","116,350","133,501","222,260","30,487","492,270",3965447,2323439,167077.3,139805.2,364567,768391,8128914,9.45,60957,7.93,"3,739,158",594.81705,,,,,,,,
404,2014,Pennsylvania,"10,803,770","1,640,064","105,956","476,770","17,253","839,996",12792392,7434632,619079.4,506662.5,1228166,1522237,23879753,6.37,136730,8.98,"10,042,872",1918.8588,,,,,,,,
405,2014,Rhode Island,"921,966","98,919","18,760","43,089","3,136","149,196",1056511,613103,50646.2,40534.1,116747,157408,2796857,5.63,9536,6.06,"735,771",158,,,,,,,,
406,2014,South Carolina,"3,369,881","1,389,331","51,931","93,330","8,131","256,778",4826858,2564027,182832.6,159071.9,487869,480977,6764955,7.11,28270,5.88,"4,867,993",724,,,,,,,,
407,2014,South Dakota,"744,381","20,611","88,404","13,712","1,222","30,090",849670,589348,40252.3,30225.5,86794,49072,730128,6.72,3868,7.88,"594,781",127,,,,,,,,
408,2014,Tennessee,"5,269,882","1,177,425","68,490","137,272","10,586","328,192",6544617,3772755,267288.7,213215.6,631942,1017833,13310032,7.65,80146,7.87,"8,235,269",982,,,,,,,,
409,2014,Texas,"22,026,482","3,569,986","437,781","1,395,681","64,531","10,426,796",26963092,16001898,1274636.9,945832.8,2753234,1458071,32359000,4.51,62522,4.29,"18,939,633","4,044",,,,,,,,
410,2014,Utah,"2,751,524","55,446","65,388","95,627","42,961","394,899",2938327,1803933,112620.2,90175.4,332619,233869,2898591,8.07,23269,9.95,"2,403,678",440.74905,,,,,,,,
411,2014,Vermont,"605,406","11,136","7,697","12,383",542,"10,883",625693,429010,30195.9,27285,66473,113791,1397457,8.14,16103,14.15,"423,113",94,,,,,,,,
412,2014,Virginia,"6,076,320","1,753,624","100,926","612,539","19,522","726,159",8315430,4953436,419329.6,323352.6,835457,653900,10321510,6.34,49157,7.52,"6,111,747","1,247",,,,,,,,
413,2014,Washington,"5,977,230","382,959","241,305","718,041","83,253","851,008",7057531,4094370,359690.6,278807.3,674393,1091405,12121714,9,99978,9.16,"5,376,281","1,059",,,,,,,,
414,2014,West Virginia,"1,763,204","81,853","14,521","19,459","1,437","26,884",1850569,911678,67764.4,59563,170776,589350,8538277,6.9,25035,4.25,"2,250,780",278,,,,,,,,
415,2014,Wisconsin,"5,143,584","431,088","99,228","179,658","6,450","367,999",5753199,3585944,258347.8,206512.4,559900,944851,10664886,8.86,133749,14.16,"4,124,703",863,,,,,,,,
416,2014,Wyoming,"552,502","11,001","21,446","8,168","1,291","56,076",583159,406401,33549.3,22553.5,57427,41162,528045,7.8,4193,10.19,"441,863",87,,,,,,,,
417,2013,United States,252127053,45017720,6429035,19488488,1431395,53990334,316059947,182328100,14189228,11363527.8,31631612,33471552,506882862,6.6,2605496,7.78,"251,770,763","44,248",,,,,,,,
418,2013,Alabama,"3,437,356","1,319,044","64,704","78,324","8,003","193,131",4831586,2523020,175185.3,144027.9,498384,510321,8446768,6.04,22101,4.33,"6,769,646",676.42204,,,,,,,,
419,2013,Alaska,"540,857","37,888","144,811","57,121","13,122","47,591",737626,461205,38978,31709.4,84107,73147,954919,7.66,8870,12.13,"523,003",103.26764,,,,,,,,
420,2013,Arizona,"5,720,951","373,198","416,694","278,095","30,817","2,013,458",6634690,3371101,243752.3,215979,665925,1125751,12415553,9.07,122364,10.87,"5,389,370",929,,,,,,,,
421,2013,Arkansas,"2,415,021","483,227","55,490","53,621","10,159","203,956",2960459,1569358,108367.8,85290.2,287248,294605,4452007,6.62,12922,4.39,"3,479,097",414,,,,,,,,
422,2013,California,"29,353,058","2,917,943","1,051,802","6,134,643","337,703","14,654,801",38253768,21318697,1857200.9,1443067.6,4011105,2994374,48449433,6.18,226301,7.56,"21,617,465","5,356",,,,,,,,
423,2013,Colorado,"4,770,638","284,613","141,029","215,375","18,869","1,108,713",5270774,3357156,249512.7,197806,512807,519796,4700499,11.06,49532,9.53,"4,041,412",738,,,,,,,,
424,2013,Connecticut,"3,002,157","453,498","39,819","175,820","7,416","524,303",3595792,2246505,226175.8,157135.5,345423,532452,7584452,7.02,48425,9.09,"2,418,542",503,,,,,,,,
425,2013,Delaware,"674,829","220,163","12,180","38,990","1,604","79,473",924062,544691,41100.3,36934.9,92331,185965,2262569,8.22,31501,16.94,"860,791",129,,,,,,,,
426,2013,District of Columbia,"294,771","332,496","9,107","31,814","1,746","66,764",651559,848230,43697.3,38295.1,81903,112974,2120973,5.33,5764,5.1,"399,121",91,,,,,,,,
427,2013,Florida,"15,578,260","3,487,658","192,247","648,359","47,969","4,650,935",19551678,10539527,802975.7,722610,1797134,1477965,26243364,5.63,119466,8.08,"15,422,054","2,737",,,,,,,,
428,2013,Georgia,"6,375,399","3,251,423","108,309","423,929","20,155","897,614",9975592,5497190,377202.2,317225.2,1029614,1083656,15734473,6.89,51827,4.78,"8,905,829",1396.58288,,,,,,,,
429,2013,Hawaii,"606,256","46,635","37,121","803,157","373,694","137,873",1408822,868191,62521.2,53570,136925,166393,2085367,7.98,17698,10.64,"794,191",197,,,,,,,,
430,2013,Idaho,"1,544,558","19,595","44,611","34,056","6,139","191,269",1612053,903016,58403.7,46862.6,158393,175132,2115050,8.28,16043,9.16,"1,531,196",226,,,,,,,,
431,2013,Illinois,"10,221,347","2,014,665","137,738","751,414","17,178","2,109,855",12895778,7503553,609778.6,474893,1266315,949106,16695076,5.68,39487,4.16,"7,964,906","1,805",,,,,,,,
432,2013,Indiana,"5,779,700","693,742","60,264","155,016","8,273","418,981",6570575,3684167,261702.3,211005.9,670468,971079,11136888,8.72,83140,8.56,"6,945,667",920,,,,,,,,
433,2013,Iowa,"2,902,112","129,564","29,978","80,654","4,877","168,372",3093935,2019403,134757.8,102961,318680,248968,4126178,6.03,16960,6.81,"2,182,802",433,,,,,,,,
434,2013,Kansas,"2,593,205","215,673","67,021","96,263","5,787","321,692",2894306,1868968,133979.9,96250.2,300970,79649,1090611,7.3,6747,8.47,"2,615,728",405,,,,,,,,
435,2013,Kentucky,"3,967,168","402,300","35,716","73,553","6,215","147,609",4406906,2407581,159224.8,134202,427057,262896,4978458,5.28,12198,4.64,"4,817,123",617,,,,,,,,
436,2013,Louisiana,"2,996,844","1,540,404","61,789","94,012","5,900","216,274",4626040,2642042,191497.3,147598.3,477823,715502,10841388,6.6,23057,3.22,"5,367,328",648,,,,,,,,
437,2013,Maine,"1,284,851","24,945","19,288","20,240","1,117","19,141",1328543,803582,53742,50315.4,114005,211940,3081312,6.88,21025,9.92,"1,160,248",185.99602,,,,,,,,
438,2013,Maryland,"3,707,688","1,882,852","74,182","415,295","12,687","528,082",5925197,3494007,311524,235458.2,565656,762388,10413094,7.32,72846,9.56,"4,106,395",830,,,,,,,,
439,2013,Massachusetts,"5,701,252","628,032","67,659","458,136","13,779","710,107",6715158,4353531,382611.1,302529.2,695074,761512,12715214,5.99,74258,9.75,"4,302,489",940,,,,,,,,
440,2013,Michigan,"8,130,970","1,524,722","151,030","332,046","10,837","467,590",9914802,5323127,393576.8,341805.2,1006588,1637722,18823723,8.7,99426,6.07,"9,723,696","1,388",,,,,,,,
441,2013,Minnesota,"4,773,086","370,843","115,201","280,011","7,516","270,332",5414722,3555540,259781.8,211496.6,508453,698535,10110092,6.91,54606,7.82,"3,148,140",758,,,,,,,,
442,2013,Mississippi,"1,816,498","1,138,846","29,395","37,060","3,423","86,243",2989839,1532509,102317.4,83682.6,323013,397168,5285453,7.51,13303,3.35,"3,378,940",419,,,,,,,,
443,2013,Missouri,"5,169,066","771,435","80,022","138,909","13,528","230,046",6042989,3565833,245200,210048.6,597813,783788,11407862,6.87,66028,8.42,"5,595,521",846,,,,,,,,
444,2013,Montana,"931,305","10,032","84,049","12,889","2,028","33,864",1014158,642072,41322.5,36371.4,101900,87773,1041207,8.43,10713,12.21,"966,218",142,,,,,,,,
445,2013,Nebraska,"1,705,734","108,342","38,250","48,070","3,761","185,743",1865813,1266360,87398.7,65983,189556,147751,2302434,6.42,13755,9.31,"1,393,406",261,,,,,,,,
446,2013,Nevada,"2,223,789","288,491","72,829","274,075","38,092","762,687",2776956,1561287,109870.5,94099.5,255605,279872,2988442,9.37,30238,10.8,"2,557,389",388.77384,,,,,,,,
447,2013,New Hampshire,"1,268,603","26,188","11,469","40,792","1,318","41,823",1327272,835032,67703.7,57580.1,127716,96078,1444215,6.65,12906,13.43,"1,059,901",186,,,,,,,,
448,2013,New Jersey,"6,663,931","1,407,347","96,259","864,821","17,417","1,669,079",8857821,5133106,492488.2,380191.6,790737,563939,11905806,4.74,54453,9.66,"5,145,062","1,240",,,,,,,,
449,2013,New Mexico,"1,780,160","65,844","245,614","47,909","6,100","994,664",2092833,1075551,73561.8,63666.5,215357,283376,3684909,7.69,20895,7.37,"1,467,348",293,,,,,,,,
450,2013,New York,"14,285,842","3,719,448","313,539","1,751,425","49,024","3,601,735",19626488,11619011,1062135.4,793263.1,1992555,2051306,56986922,3.6,178727,8.71,"9,908,583","2,748",,,,,,,,
451,2013,North Carolina,"7,219,335","2,291,490","223,771","305,080","20,018","857,206",9846717,5436745,376392.4,314202.1,995782,1217388,15508160,7.85,110673,9.09,"9,872,012","1,379",,,,,,,,
452,2013,North Dakota,"658,562","17,155","47,365","12,017",992,"20,596",723149,586758,39933.5,30418.9,94885,39906,588978,6.78,3472,8.7,"519,068",101.24086,,,,,,,,
453,2013,Ohio,"9,840,609","1,602,734","99,829","274,634","12,372","391,149",11579692,6681685,479088.7,393358.5,1116768,2073605,27267303,7.6,129494,6.24,"10,605,533",1621.15688,,,,,,,,
454,2013,Oklahoma,"3,103,103","351,141","521,303","100,354","10,712","370,692",3853891,2249096,169382.6,117649.8,396299,537393,6076809,8.84,33830,6.3,"4,689,843",539.54474,,,,,,,,
455,2013,Oregon,"3,586,609","112,459","131,457","213,170","29,547","480,596",3924110,2260337,156130,133292,366494,573480,5857569,9.79,57673,10.06,"3,825,110",549.3754,,,,,,,,
456,2013,Pennsylvania,"10,819,861","1,623,490","103,947","459,793","16,633","811,042",12779538,7350212,593682.1,493105.3,1248038,1554911,23257055,6.69,140251,9.02,"10,297,026",1789.13532,,,,,,,,
457,2013,Rhode Island,"923,947","96,827","18,482","41,972","3,072","144,891",1055560,602374,48544.7,39183,118708,108851,2058356,5.29,8387,7.71,"790,260",148,,,,,,,,
458,2013,South Carolina,"3,324,612","1,376,749","50,851","88,769","7,742","249,265",4766469,2500985,171617.2,151996.2,496703,475383,6918637,6.87,28666,6.03,"4,944,732",667,,,,,,,,
459,2013,South Dakota,"739,359","19,905","87,343","13,118","1,202","28,884",842751,581234,38365.9,29122.1,85437,50847,694748,7.32,4180,8.22,"582,759",118,,,,,,,,
460,2013,Tennessee,"5,237,994","1,164,142","67,090","132,579","10,328","318,419",6496943,3689682,256753.8,204581.1,633862,1021566,11126563,9.18,83242,8.15,"8,562,356",910,,,,,,,,
461,2013,Texas,"21,698,376","3,479,296","427,483","1,317,813","61,938","10,191,627",26479646,15532152,1184840.5,893396.7,2733619,1531487,30610606,5,62835,4.1,"19,514,085","3,707",,,,,,,,
462,2013,Utah,"2,717,591","53,747","63,971","91,988","41,772","386,066",2898773,1753374,106176.2,85430.1,333592,233588,2937252,7.95,20885,8.94,"2,464,249",405.82822,,,,,,,,
463,2013,Vermont,"606,831","10,835","7,618","12,023",533,"10,652",626603,424997,28964.3,26422.7,66326,118134,1335242,8.85,16549,14.01,"430,017",87.72442,,,,,,,,
464,2013,Virginia,"6,050,202","1,735,282","99,294","591,358","19,011","707,039",8255861,4898617,401684.3,313500.7,834850,730742,10508281,6.95,51828,7.09,"6,348,337",1155.82054,,,,,,,,
465,2013,Washington,"5,924,223","372,480","236,648","687,964","80,391","826,405",6966252,3991747,333763.7,265860.5,669118,620072,7032472,8.82,69150,11.15,"5,398,674",975,,,,,,,,
466,2013,West Virginia,"1,768,232","81,111","14,391","18,921","1,431","25,809",1854768,914247,65572.8,58325.7,178022,401118,5794848,6.92,22227,5.54,"2,324,152",260,,,,,,,,
467,2013,Wisconsin,"5,138,699","426,144","97,909","172,969","6,211","360,943",5738012,3539199,247847.4,200057.4,557500,899000,10155576,8.85,120342,13.39,"4,210,817",803,,,,,,,,
468,2013,Wyoming,"551,646","11,637","21,067","8,072","1,237","55,253",582620,400510,31240.1,21807.3,58969,41202,529696,7.78,4230,10.27,"433,126",82,,,,,,,,
,,,,,,,,,,,,,,,,,,,,,,,,,,,,
,,,,,,,,,,,,,,,,,,,,,,,,,,,,
,,,,,,,,,,,,,,,,,,,,,,,,,,,,
,,,,,,,,,,,,,,,,,,,,,,,,,,,,
,,,,,,,,,,,,,,,,,,,,,,,,,,,,
,,,,,,,,,,,,,,,,,,,,,,,,,,,,
,,,,,,,,,,,,,,,,,,,,,,,,,,,,